2014-11-28,000001,1
2015-04-10,000001,1
2020-07-06,000001,1
2022-11-29,000001,1
2014-12-31,000002,1
2015-12-01,000002,1
2015-12-02,000002,2
2015-12-09,000002,1
2015-12-17,000002,1
2015-12-18,000002,2
2016-08-04,000002,1
2016-08-12,000002,1
2016-08-15,000002,2
2016-08-16,000002,3
2016-08-31,000002,1
2017-06-23,000002,1
2017-06-26,000002,2
2017-11-21,000002,1
2017-11-29,000002,1
2021-02-25,000002,1
2022-11-11,000002,1
2022-11-29,000002,1
2014-03-27,000006,1
2015-03-27,000006,1
2015-05-25,000006,1
2015-05-27,000006,1
2015-06-08,000006,1
2015-06-30,000006,1
2015-07-09,000006,1
2015-07-10,000006,2
2015-07-13,000006,3
2015-08-12,000006,1
2015-08-13,000006,2
2015-08-28,000006,1
2015-09-16,000006,1
2015-10-29,000006,1
2016-03-01,000006,1
2016-03-02,000006,2
2016-08-03,000006,1
2016-09-12,000006,1
2016-12-19,000006,1
2018-09-19,000006,1
2018-09-20,000006,2
2019-08-19,000006,1
2020-04-22,000006,1
2020-06-15,000006,1
2020-07-01,000006,1
2020-08-03,000006,1
2020-09-18,000006,1
2022-03-30,000006,1
2022-05-13,000006,1
2022-11-28,000006,1
2022-11-29,000006,2
2022-11-30,000006,3
2022-12-01,000006,4
2022-12-19,000006,1
2022-12-27,000006,1
2014-09-05,000007,1
2014-09-09,000007,2
2014-09-10,000007,3
2014-09-11,000007,4
2015-04-30,000007,1
2015-12-07,000007,1
2016-07-29,000007,1
2016-09-20,000007,1
2017-07-21,000007,1
2018-10-15,000007,1
2018-10-18,000007,1
2018-10-19,000007,2
2018-10-22,000007,3
2018-10-23,000007,4
2018-11-13,000007,1
2018-11-21,000007,1
2018-11-22,000007,2
2018-12-04,000007,1
2018-12-11,000007,1
2019-03-15,000007,1
2019-08-23,000007,1
2019-08-26,000007,2
2019-08-27,000007,3
2019-11-13,000007,1
2019-11-14,000007,2
2019-12-09,000007,1
2020-02-10,000007,1
2021-02-18,000007,1
2021-02-19,000007,2
2021-02-22,000007,3
2021-02-25,000007,1
2021-02-26,000007,2
2021-03-08,000007,1
2021-03-09,000007,2
2021-03-17,000007,1
2021-03-31,000007,1
2014-09-19,000008,1
2014-09-22,000008,2
2014-09-23,000008,3
2014-09-24,000008,4
2014-09-25,000008,5
2014-09-26,000008,6
2014-10-13,000008,1
2014-11-07,000008,1
2015-03-04,000008,1
2015-03-11,000008,1
2015-07-02,000008,1
2015-07-13,000008,1
2015-07-21,000008,1
2015-07-23,000008,1
2015-08-27,000008,1
2015-08-28,000008,2
2015-10-13,000008,1
2015-10-14,000008,2
2015-10-27,000008,1
2015-10-28,000008,2
2015-11-12,000008,1
2016-03-01,000008,1
2016-10-24,000008,1
2019-02-25,000008,1
2019-09-20,000008,1
2021-12-20,000008,1
2021-12-21,000008,2
2021-12-22,000008,3
2021-12-23,000008,4
2022-02-18,000008,1
2022-03-22,000008,1
2022-05-31,000008,1
2014-02-10,000009,1
2014-08-15,000009,1
2014-08-18,000009,2
2014-08-19,000009,3
2014-08-20,000009,4
2014-09-09,000009,1
2015-02-16,000009,1
2015-04-23,000009,1
2015-08-18,000009,1
2015-08-19,000009,2
2015-08-20,000009,3
2015-08-28,000009,1
2015-09-09,000009,1
2015-09-16,000009,1
2015-10-22,000009,1
2015-10-23,000009,2
2015-10-27,000009,1
2015-11-30,000009,1
2016-04-05,000009,1
2016-08-19,000009,1
2017-07-28,000009,1
2018-11-15,000009,1
2018-11-16,000009,2
2019-03-05,000009,1
2019-08-19,000009,1
2019-12-25,000009,1
2019-12-26,000009,2
2020-01-06,000009,1
2020-02-10,000009,1
2020-02-18,000009,1
2020-07-10,000009,1
2021-02-02,000009,1
2021-02-19,000009,1
2021-02-22,000009,2
2021-04-06,000009,1
2021-06-07,000009,1
2021-06-10,000009,1
2021-06-28,000009,1
2021-07-08,000009,1
2021-07-22,000009,1
2021-07-29,000009,1
2021-08-04,000009,1
2021-08-05,000009,2
2021-08-19,000009,1
2021-09-14,000009,1
2021-10-20,000009,1
2021-10-25,000009,1
2021-11-08,000009,1
2022-04-27,000009,1
2022-07-27,000009,1
2022-10-14,000009,1
2014-10-31,000011,1
2015-03-27,000011,1
2015-04-09,000011,1
2015-04-10,000011,2
2015-05-25,000011,1
2015-07-09,000011,1
2015-07-10,000011,2
2015-07-13,000011,3
2015-07-30,000011,1
2015-07-31,000011,2
2015-08-28,000011,1
2015-09-16,000011,1
2015-10-23,000011,1
2015-10-29,000011,1
2016-02-03,000011,1
2016-02-04,000011,2
2016-02-05,000011,3
2016-02-15,000011,4
2016-02-16,000011,5
2016-03-21,000011,1
2016-12-09,000011,1
2017-04-12,000011,1
2017-09-08,000011,1
2018-07-27,000011,1
2018-08-10,000011,1
2018-11-19,000011,1
2019-07-19,000011,1
2019-08-19,000011,1
2020-06-03,000011,1
2020-06-10,000011,1
2020-06-12,000011,1
2020-06-16,000011,1
2020-06-17,000011,2
2020-07-09,000011,1
2020-07-10,000011,2
2020-07-13,000011,3
2020-07-14,000011,4
2020-07-21,000011,1
2020-08-03,000011,1
2020-09-18,000011,1
2021-03-15,000011,1
2021-03-16,000011,2
2021-03-17,000011,3
2022-04-01,000011,1
2022-05-13,000011,1
2022-11-29,000011,1
2022-12-09,000011,1
2014-01-14,000012,1
2015-04-23,000012,1
2015-04-24,000012,2
2015-06-30,000012,1
2015-07-09,000012,1
2015-07-10,000012,2
2015-09-29,000012,1
2015-12-21,000012,1
2015-12-22,000012,2
2015-12-23,000012,3
2016-02-19,000012,1
2016-11-17,000012,1
2016-11-21,000012,1
2017-11-13,000012,1
2019-03-07,000012,1
2020-02-25,000012,1
2020-07-20,000012,1
2020-08-03,000012,1
2020-10-09,000012,1
2020-11-18,000012,1
2021-05-19,000012,1
2021-07-12,000012,1
2021-07-13,000012,2
2022-09-14,000012,1
2014-08-20,000014,1
2015-03-27,000014,1
2015-06-01,000014,1
2015-06-02,000014,2
2015-06-08,000014,1
2015-07-09,000014,1
2015-07-10,000014,2
2015-07-13,000014,3
2015-07-14,000014,4
2015-07-20,000014,1
2015-07-21,000014,2
2015-08-04,000014,1
2015-08-13,000014,1
2015-08-14,000014,2
2015-08-19,000014,1
2015-08-28,000014,1
2015-09-16,000014,1
2015-10-16,000014,1
2015-10-19,000014,2
2015-10-22,000014,1
2015-12-23,000014,1
2016-02-16,000014,1
2016-03-01,000014,1
2017-04-12,000014,1
2018-01-05,000014,1
2018-01-08,000014,2
2018-01-12,000014,1
2018-02-12,000014,1
2018-03-29,000014,1
2018-05-03,000014,1
2018-05-04,000014,2
2018-05-07,000014,3
2018-05-08,000014,4
2018-05-10,000014,1
2018-05-25,000014,1
2019-08-19,000014,1
2019-08-22,000014,1
2019-09-04,000014,1
2020-07-10,000014,1
2020-07-13,000014,2
2020-09-18,000014,1
2021-01-19,000014,1
2021-12-21,000014,1
2022-02-15,000014,1
2022-03-30,000014,1
2022-03-31,000014,2
2022-04-01,000014,3
2022-04-06,000014,4
2022-04-28,000014,1
2022-04-29,000014,2
2022-05-13,000014,1
2022-05-31,000014,1
2022-09-01,000014,1
2022-09-14,000014,1
2022-09-15,000014,2
2022-11-29,000014,1
2022-12-05,000014,1
2023-04-28,000014,1
2023-06-06,000014,1
2014-09-15,000017,1
2014-09-24,000017,1
2015-01-08,000017,1
2015-02-17,000017,1
2015-03-31,000017,1
2015-04-13,000017,1
2015-04-14,000017,2
2015-04-20,000017,1
2015-04-30,000017,1
2015-05-15,000017,1
2015-05-21,000017,1
2015-05-27,000017,1
2015-06-24,000017,1
2015-07-09,000017,1
2015-07-10,000017,2
2015-07-13,000017,3
2015-07-29,000017,1
2015-08-10,000017,1
2015-08-11,000017,2
2015-08-14,000017,1
2015-09-16,000017,1
2015-10-19,000017,1
2015-10-22,000017,1
2015-10-29,000017,1
2015-12-01,000017,1
2015-12-03,000017,1
2015-12-04,000017,2
2016-01-18,000017,1
2016-02-04,000017,1
2016-02-16,000017,1
2016-02-17,000017,2
2016-02-18,000017,3
2016-07-29,000017,1
2016-12-15,000017,1
2016-12-16,000017,2
2016-12-19,000017,3
2016-12-22,000017,1
2017-01-04,000017,1
2018-03-07,000017,1
2018-05-11,000017,1
2018-07-25,000017,1
2018-07-26,000017,2
2018-07-27,000017,3
2018-07-30,000017,4
2018-09-20,000017,1
2018-09-28,000017,1
2018-11-13,000017,1
2018-12-03,000017,1
2019-03-11,000017,1
2019-05-27,000017,1
2019-06-12,000017,1
2019-08-19,000017,1
2019-08-20,000017,2
2019-08-21,000017,3
2019-08-28,000017,1
2019-08-29,000017,2
2019-09-02,000017,1
2020-02-11,000017,1
2020-03-03,000017,1
2020-03-13,000017,1
2020-04-03,000017,1
2021-06-22,000017,1
2021-07-08,000017,1
2021-07-09,000017,2
2021-07-20,000017,1
2022-02-24,000017,1
2022-05-18,000017,1
2022-05-19,000017,2
2022-05-26,000017,1
2022-06-15,000017,1
2022-06-16,000017,2
2022-06-17,000017,3
2022-06-20,000017,4
2022-06-22,000017,1
2022-06-23,000017,2
2022-08-09,000017,1
2022-09-22,000017,1
2022-10-12,000017,1
2022-11-29,000017,1
2022-12-07,000017,1
2022-12-08,000017,2
2023-02-13,000017,1
2015-03-17,000019,1
2015-04-22,000019,1
2015-05-21,000019,1
2015-07-09,000019,1
2015-07-10,000019,2
2015-07-13,000019,3
2015-08-28,000019,1
2015-09-16,000019,1
2015-10-22,000019,1
2015-10-23,000019,2
2015-10-29,000019,1
2015-11-05,000019,1
2015-11-06,000019,2
2015-11-10,000019,1
2015-11-11,000019,2
2015-11-25,000019,1
2016-01-28,000019,1
2016-01-29,000019,2
2016-02-01,000019,3
2016-02-02,000019,4
2016-02-03,000019,5
2016-02-04,000019,6
2016-02-15,000019,1
2016-04-19,000019,1
2016-04-20,000019,2
2016-06-22,000019,1
2016-06-24,000019,1
2016-08-16,000019,1
2016-08-17,000019,2
2016-08-18,000019,3
2016-11-04,000019,1
2017-02-15,000019,1
2017-06-08,000019,1
2017-06-09,000019,2
2017-07-20,000019,1
2018-04-04,000019,1
2018-05-31,000019,1
2018-06-11,000019,1
2018-06-12,000019,2
2018-06-13,000019,3
2018-06-14,000019,4
2018-07-04,000019,1
2019-08-19,000019,1
2020-03-25,000019,1
2020-03-26,000019,2
2020-04-20,000019,1
2020-04-21,000019,2
2020-04-22,000019,3
2020-04-23,000019,4
2020-04-24,000019,5
2020-07-13,000019,1
2021-03-05,000019,1
2022-03-21,000019,1
2022-03-29,000019,1
2022-04-07,000019,1
2022-05-16,000019,1
2023-02-23,000019,1
2014-03-13,000020,1
2014-04-16,000020,1
2015-03-20,000020,1
2015-03-23,000020,2
2015-03-24,000020,3
2015-03-25,000020,4
2015-03-26,000020,5
2015-03-27,000020,6
2015-05-15,000020,1
2015-05-26,000020,1
2015-06-01,000020,1
2015-06-24,000020,1
2015-06-25,000020,2
2015-06-26,000020,3
2015-06-29,000020,4
2015-07-20,000020,1
2015-07-21,000020,2
2015-08-03,000020,1
2015-08-13,000020,1
2015-09-16,000020,1
2015-10-21,000020,1
2015-10-22,000020,2
2015-10-23,000020,3
2015-10-28,000020,1
2015-10-29,000020,2
2015-10-30,000020,3
2015-11-27,000020,1
2015-11-30,000020,2
2015-12-01,000020,3
2015-12-17,000020,1
2015-12-22,000020,1
2016-01-05,000020,1
2016-01-25,000020,1
2016-02-19,000020,1
2016-02-22,000020,2
2016-02-23,000020,3
2016-02-24,000020,4
2016-03-01,000020,1
2016-03-09,000020,1
2016-06-28,000020,1
2016-08-24,000020,1
2016-11-10,000020,1
2016-12-13,000020,1
2017-04-12,000020,1
2017-11-29,000020,1
2017-12-07,000020,1
2018-03-02,000020,1
2018-03-06,000020,1
2018-03-07,000020,2
2018-03-08,000020,3
2018-05-08,000020,1
2018-05-10,000020,1
2018-05-11,000020,2
2018-12-06,000020,1
2019-03-25,000020,1
2019-08-19,000020,1
2019-09-03,000020,1
2019-10-14,000020,1
2020-02-10,000020,1
2020-02-11,000020,2
2020-06-29,000020,1
2020-06-30,000020,2
2021-01-18,000020,1
2021-01-19,000020,2
2021-01-20,000020,3
2022-02-18,000020,1
2022-06-21,000020,1
2022-06-22,000020,2
2022-06-28,000020,1
2022-08-23,000020,1
2022-08-24,000020,2
2023-06-26,000020,1
2014-11-06,000021,1
2015-03-16,000021,1
2015-06-03,000021,1
2015-06-04,000021,2
2015-07-20,000021,1
2015-07-21,000021,2
2015-07-22,000021,3
2015-07-23,000021,4
2015-07-29,000021,1
2015-08-28,000021,1
2015-09-16,000021,1
2015-10-13,000021,1
2015-11-06,000021,1
2015-11-09,000021,2
2015-11-26,000021,1
2016-06-27,000021,1
2016-06-28,000021,2
2018-01-11,000021,1
2018-04-18,000021,1
2019-03-21,000021,1
2019-03-22,000021,2
2019-05-20,000021,1
2019-08-19,000021,1
2019-08-20,000021,2
2019-08-21,000021,3
2019-09-03,000021,1
2019-10-28,000021,1
2020-01-03,000021,1
2020-02-10,000021,1
2020-02-17,000021,1
2020-04-03,000021,1
2020-04-07,000021,2
2020-05-12,000021,1
2020-07-06,000021,1
2021-02-18,000021,1
2021-11-05,000021,1
2023-03-30,000021,1
2023-04-03,000021,1
2023-04-06,000021,1
2023-05-11,000021,1
2023-05-16,000021,1
2014-01-30,000025,1
2014-03-28,000025,1
2014-04-24,000025,1
2014-05-05,000025,1
2015-01-22,000025,1
2015-02-27,000025,1
2015-03-19,000025,1
2015-03-20,000025,2
2015-04-13,000025,1
2015-05-25,000025,1
2015-05-29,000025,1
2015-06-01,000025,2
2015-06-05,000025,1
2015-07-09,000025,1
2015-07-10,000025,2
2015-07-13,000025,3
2015-07-14,000025,4
2015-07-16,000025,1
2015-07-17,000025,2
2015-07-20,000025,3
2015-07-30,000025,1
2015-07-31,000025,2
2015-08-10,000025,1
2015-08-11,000025,2
2015-08-12,000025,3
2015-09-08,000025,1
2015-09-14,000025,1
2015-09-15,000025,2
2015-09-16,000025,3
2015-09-17,000025,4
2015-09-18,000025,5
2015-09-21,000025,6
2015-09-22,000025,7
2015-09-23,000025,8
2015-10-14,000025,1
2015-10-15,000025,2
2015-10-16,000025,3
2015-10-19,000025,4
2015-10-20,000025,5
2015-10-21,000025,6
2015-10-22,000025,7
2015-10-23,000025,8
2015-10-28,000025,1
2015-10-29,000025,2
2015-11-24,000025,1
2015-11-25,000025,2
2015-11-26,000025,3
2015-11-27,000025,4
2015-11-30,000025,5
2015-12-03,000025,1
2015-12-04,000025,2
2015-12-08,000025,1
2016-01-06,000025,1
2016-01-08,000025,1
2016-02-16,000025,1
2016-03-02,000025,1
2016-03-24,000025,1
2016-06-23,000025,1
2016-06-24,000025,2
2016-06-27,000025,3
2016-06-28,000025,4
2016-07-19,000025,1
2016-08-16,000025,1
2016-10-25,000025,1
2017-04-12,000025,1
2017-06-08,000025,1
2017-06-09,000025,2
2017-06-12,000025,3
2017-06-14,000025,1
2017-06-28,000025,1
2017-10-11,000025,1
2018-03-02,000025,1
2018-03-06,000025,1
2018-03-07,000025,2
2018-09-14,000025,1
2018-09-17,000025,2
2018-11-08,000025,1
2019-02-19,000025,1
2019-03-05,000025,1
2019-03-06,000025,2
2019-03-07,000025,3
2019-05-09,000025,1
2019-05-16,000025,1
2019-08-12,000025,1
2019-08-19,000025,1
2019-08-22,000025,1
2020-04-03,000025,1
2020-07-10,000025,1
2020-08-19,000025,1
2020-08-24,000025,1
2020-09-16,000025,1
2021-03-17,000025,1
2022-03-22,000025,1
2022-05-13,000025,1
2022-05-25,000025,1
2022-05-26,000025,2
2022-05-27,000025,3
2022-05-30,000025,4
2022-05-31,000025,5
2022-06-01,000025,6
2022-06-02,000025,7
2022-06-07,000025,1
2022-06-08,000025,2
2022-06-13,000025,1
2022-06-15,000025,1
2022-06-16,000025,2
2022-06-23,000025,1
2022-07-05,000025,1
2022-07-07,000025,1
2022-08-10,000025,1
2022-11-22,000025,1
2022-11-30,000025,1
2023-01-10,000025,1
2014-11-27,000026,1
2015-07-09,000026,1
2015-07-10,000026,2
2015-07-13,000026,3
2015-07-14,000026,4
2015-07-29,000026,1
2015-08-28,000026,1
2015-09-16,000026,1
2015-10-22,000026,1
2016-02-16,000026,1
2016-03-07,000026,1
2016-09-06,000026,1
2016-09-14,000026,1
2017-01-04,000026,1
2019-12-06,000026,1
2019-12-16,000026,1
2019-12-17,000026,2
2019-12-18,000026,3
2019-12-20,000026,1
2020-05-14,000026,1
2020-07-10,000026,1
2020-07-13,000026,2
2020-07-30,000026,1
2020-07-31,000026,2
2020-09-03,000026,1
2021-01-27,000026,1
2021-02-05,000026,1
2022-05-27,000026,1
2022-05-30,000026,2
2022-08-10,000026,1
2022-12-01,000026,1
2023-01-17,000026,1
2023-01-18,000026,2
2023-02-01,000026,1
2014-11-05,000027,1
2014-12-04,000027,1
2015-05-22,000027,1
2015-06-01,000027,1
2015-06-02,000027,2
2015-06-17,000027,1
2015-07-09,000027,1
2015-07-10,000027,2
2015-07-13,000027,3
2015-07-22,000027,1
2015-08-04,000027,1
2015-08-28,000027,1
2015-08-31,000027,2
2015-09-16,000027,1
2019-08-19,000027,1
2020-12-25,000027,1
2021-03-02,000027,1
2021-03-05,000027,1
2021-03-08,000027,2
2021-03-10,000027,1
2021-03-22,000027,1
2021-03-23,000027,2
2021-03-24,000027,3
2021-03-26,000027,1
2021-03-29,000027,2
2021-05-31,000027,1
2014-01-16,000028,1
2015-02-06,000028,1
2015-04-10,000028,1
2015-07-09,000028,1
2015-07-10,000028,2
2015-07-13,000028,3
2015-07-22,000028,1
2015-08-10,000028,1
2019-08-26,000028,1
2020-06-17,000028,1
2020-08-18,000028,1
2023-03-16,000028,1
2023-04-17,000028,1
2014-03-21,000029,1
2014-03-24,000029,2
2014-04-02,000029,1
2014-09-17,000029,1
2015-03-27,000029,1
2015-03-30,000029,2
2015-03-31,000029,3
2015-04-09,000029,1
2015-05-25,000029,1
2015-07-09,000029,1
2015-07-10,000029,2
2015-07-13,000029,3
2015-08-12,000029,1
2015-08-13,000029,2
2015-08-14,000029,3
2015-08-17,000029,4
2015-08-28,000029,1
2015-08-31,000029,2
2015-09-09,000029,1
2015-09-16,000029,1
2015-09-18,000029,1
2016-01-28,000029,1
2016-01-29,000029,2
2016-02-16,000029,1
2016-03-01,000029,1
2016-03-02,000029,2
2016-03-03,000029,3
2016-03-04,000029,4
2020-11-09,000029,1
2021-01-14,000029,1
2021-02-24,000029,1
2021-02-25,000029,2
2022-04-06,000029,1
2022-04-28,000029,1
2022-04-29,000029,2
2022-05-05,000029,3
2022-05-13,000029,1
2022-05-27,000029,1
2022-06-01,000029,1
2022-06-20,000029,1
2022-06-29,000029,1
2022-10-27,000029,1
2022-12-01,000029,1
2022-12-19,000029,1
2022-12-23,000029,1
2023-05-10,000029,1
2014-02-12,000030,1
2015-03-25,000030,1
2015-06-05,000030,1
2015-07-06,000030,1
2015-07-09,000030,1
2015-07-10,000030,2
2015-07-13,000030,3
2015-07-31,000030,1
2015-08-03,000030,2
2015-08-13,000030,1
2015-09-16,000030,1
2019-02-18,000030,1
2020-02-26,000030,1
2020-02-28,000030,1
2020-03-02,000030,2
2020-03-05,000030,1
2020-05-29,000030,1
2020-06-01,000030,2
2020-06-02,000030,3
2020-06-18,000030,1
2020-07-07,000030,1
2020-07-13,000030,1
2021-01-20,000030,1
2021-11-12,000030,1
2021-12-14,000030,1
2022-05-11,000030,1
2014-07-14,000031,1
2014-07-15,000031,2
2014-07-16,000031,3
2014-07-18,000031,1
2014-08-20,000031,1
2014-12-01,000031,1
2014-12-10,000031,1
2014-12-31,000031,1
2015-01-05,000031,2
2015-04-09,000031,1
2015-06-05,000031,1
2015-06-08,000031,2
2015-06-12,000031,1
2015-06-17,000031,1
2015-06-23,000031,1
2015-06-24,000031,2
2015-07-09,000031,1
2015-07-10,000031,2
2015-07-13,000031,3
2015-07-22,000031,1
2015-07-23,000031,2
2015-08-04,000031,1
2015-08-10,000031,1
2015-10-15,000031,1
2015-10-16,000031,2
2015-10-22,000031,1
2015-11-09,000031,1
2015-12-14,000031,1
2018-09-21,000031,1
2018-10-26,000031,1
2019-03-29,000031,1
2021-12-21,000031,1
2022-03-30,000031,1
2022-11-29,000031,1
2022-12-08,000031,1
2023-03-24,000031,1
2014-11-18,000032,1
2014-11-19,000032,2
2014-11-20,000032,3
2014-11-21,000032,4
2015-04-10,000032,1
2015-05-25,000032,1
2015-06-01,000032,1
2015-06-02,000032,2
2015-07-09,000032,1
2015-07-10,000032,2
2015-07-13,000032,3
2015-07-20,000032,1
2015-08-14,000032,1
2015-08-17,000032,2
2015-08-28,000032,1
2015-09-16,000032,1
2015-10-09,000032,1
2015-10-28,000032,1
2015-10-29,000032,2
2015-11-20,000032,1
2015-12-07,000032,1
2015-12-22,000032,1
2016-01-18,000032,1
2016-02-18,000032,1
2016-03-07,000032,1
2017-01-05,000032,1
2018-03-20,000032,1
2019-08-20,000032,1
2019-09-02,000032,1
2019-09-03,000032,2
2019-09-04,000032,3
2020-02-07,000032,1
2020-02-14,000032,1
2020-02-19,000032,1
2020-02-24,000032,1
2020-04-03,000032,1
2021-01-04,000032,1
2021-02-22,000032,1
2021-02-23,000032,2
2021-02-25,000032,1
2021-05-13,000032,1
2021-08-27,000032,1
2021-11-29,000032,1
2021-12-01,000032,1
2021-12-24,000032,1
2022-01-10,000032,1
2022-05-30,000032,1
2022-08-05,000032,1
2022-10-13,000032,1
2022-10-26,000032,1
2022-10-27,000032,2
2022-10-31,000032,1
2022-11-01,000032,2
2022-11-16,000032,1
2022-11-17,000032,2
2023-01-03,000032,1
2023-01-04,000032,2
2023-03-01,000032,1
2023-03-13,000032,1
2023-04-06,000032,1
2023-05-31,000032,1
2023-06-16,000032,1
2014-07-11,000034,1
2014-10-14,000034,1
2015-08-28,000034,1
2015-08-31,000034,2
2015-09-11,000034,1
2015-09-16,000034,1
2015-09-22,000034,1
2015-10-09,000034,1
2015-10-12,000034,2
2015-10-14,000034,1
2015-11-10,000034,1
2015-11-25,000034,1
2015-12-21,000034,1
2015-12-22,000034,2
2016-06-28,000034,1
2016-07-13,000034,1
2016-08-17,000034,1
2018-05-17,000034,1
2018-07-16,000034,1
2018-08-22,000034,1
2018-11-12,000034,1
2019-03-12,000034,1
2019-11-19,000034,1
2019-12-02,000034,1
2020-02-24,000034,1
2020-09-14,000034,1
2020-10-16,000034,1
2020-11-10,000034,1
2021-03-31,000034,1
2021-06-10,000034,1
2021-07-02,000034,1
2021-12-22,000034,1
2022-01-17,000034,1
2022-07-26,000034,1
2022-08-08,000034,1
2022-10-12,000034,1
2022-10-13,000034,2
2022-11-15,000034,1
2023-02-15,000034,1
2023-02-20,000034,1
2023-03-17,000034,1
2015-03-27,000035,1
2015-06-02,000035,1
2015-09-24,000035,1
2016-09-26,000035,1
2016-12-07,000035,1
2018-12-10,000035,1
2019-06-19,000035,1
2019-06-25,000035,1
2020-02-07,000035,1
2021-09-23,000035,1
2021-11-12,000035,1
2021-12-14,000035,1
2022-05-30,000035,1
2022-07-18,000035,1
2022-07-28,000035,1
2022-08-05,000035,1
2014-08-27,000036,1
2014-09-01,000036,1
2014-10-31,000036,1
2014-12-17,000036,1
2015-04-20,000036,1
2015-05-11,000036,1
2015-05-19,000036,1
2015-06-02,000036,1
2015-07-13,000036,1
2015-07-14,000036,2
2015-08-14,000036,1
2015-10-12,000036,1
2016-03-02,000036,1
2017-07-21,000036,1
2021-06-28,000036,1
2021-06-29,000036,2
2021-08-24,000036,1
2021-09-23,000036,1
2022-04-29,000036,1
2022-05-05,000036,2
2022-05-13,000036,1
2022-09-26,000036,1
2022-09-28,000036,1
2023-06-16,000036,1
2014-08-21,000037,1
2014-08-22,000037,2
2014-11-03,000037,1
2014-12-11,000037,1
2014-12-17,000037,1
2014-12-18,000037,2
2015-01-07,000037,1
2015-01-08,000037,2
2015-04-03,000037,1
2015-04-09,000037,1
2015-05-14,000037,1
2015-06-02,000037,1
2015-06-12,000037,1
2015-07-09,000037,1
2015-07-10,000037,2
2015-07-13,000037,3
2015-07-14,000037,4
2015-07-22,000037,1
2015-08-14,000037,1
2015-10-23,000037,1
2015-10-29,000037,1
2015-11-24,000037,1
2015-11-30,000037,1
2016-02-04,000037,1
2018-03-07,000037,1
2018-03-08,000037,2
2018-03-26,000037,1
2018-04-11,000037,1
2019-01-08,000037,1
2019-02-21,000037,1
2019-02-22,000037,2
2019-02-27,000037,1
2019-02-28,000037,2
2019-03-04,000037,1
2019-03-21,000037,1
2019-03-22,000037,2
2019-03-25,000037,3
2019-06-10,000037,1
2019-06-12,000037,1
2019-07-26,000037,1
2019-12-06,000037,1
2020-03-05,000037,1
2020-07-09,000037,1
2020-07-10,000037,2
2020-07-13,000037,3
2020-07-16,000037,1
2020-07-21,000037,1
2021-03-26,000037,1
2021-05-21,000037,1
2021-05-24,000037,2
2021-08-23,000037,1
2021-09-30,000037,1
2022-05-12,000037,1
2022-05-13,000037,2
2022-05-17,000037,1
2022-05-18,000037,2
2022-06-14,000037,1
2022-06-17,000037,1
2022-06-20,000037,2
2022-06-21,000037,3
2022-06-22,000037,4
2022-08-04,000037,1
2022-08-26,000037,1
2022-08-29,000037,2
2022-08-30,000037,3
2022-11-07,000037,1
2022-11-08,000037,2
2022-12-09,000037,1
2023-06-02,000037,1
2023-06-09,000037,1
2023-06-21,000037,1
2023-06-26,000037,2
2023-06-27,000037,3
2023-06-28,000037,4
2014-12-10,000039,1
2015-05-18,000039,1
2015-06-24,000039,1
2015-06-29,000039,1
2015-07-09,000039,1
2015-07-10,000039,2
2015-07-13,000039,3
2015-12-10,000039,1
2016-03-04,000039,1
2016-11-15,000039,1
2020-11-09,000039,1
2021-01-22,000039,1
2021-09-08,000039,1
2014-09-10,000042,1
2014-12-05,000042,1
2015-03-27,000042,1
2015-04-07,000042,1
2015-06-05,000042,1
2015-07-09,000042,1
2015-07-10,000042,2
2016-03-02,000042,1
2021-12-20,000042,1
2021-12-21,000042,2
2022-04-29,000042,1
2022-05-12,000042,1
2022-05-13,000042,2
2022-05-16,000042,3
2022-05-19,000042,1
2022-09-06,000042,1
2022-09-09,000042,1
2022-09-13,000042,2
2022-09-15,000042,1
2014-03-17,000045,1
2014-03-24,000045,1
2014-11-28,000045,1
2015-04-29,000045,1
2015-06-01,000045,1
2015-06-12,000045,1
2015-06-24,000045,1
2015-07-09,000045,1
2015-07-10,000045,2
2015-07-13,000045,3
2015-08-07,000045,1
2015-08-13,000045,1
2015-08-28,000045,1
2015-09-16,000045,1
2015-10-29,000045,1
2015-12-23,000045,1
2016-02-03,000045,1
2016-02-04,000045,2
2016-03-07,000045,1
2016-03-08,000045,2
2016-05-27,000045,1
2016-08-03,000045,1
2016-12-19,000045,1
2016-12-28,000045,1
2017-01-03,000045,1
2017-01-04,000045,2
2017-08-30,000045,1
2017-11-07,000045,1
2018-03-06,000045,1
2018-12-11,000045,1
2019-02-13,000045,1
2019-08-19,000045,1
2019-08-20,000045,2
2020-07-10,000045,1
2021-03-15,000045,1
2022-06-23,000045,1
2022-08-17,000045,1
2022-08-18,000045,2
2022-08-19,000045,3
2022-08-22,000045,4
2022-08-23,000045,5
2022-11-02,000045,1
2022-11-22,000045,1
2022-11-23,000045,2
2023-01-03,000045,1
2023-01-19,000045,1
2014-09-25,000048,1
2015-04-30,000048,1
2015-05-04,000048,2
2015-05-25,000048,1
2015-06-17,000048,1
2015-07-15,000048,1
2015-07-16,000048,2
2015-07-17,000048,3
2015-07-20,000048,4
2015-07-21,000048,5
2015-07-24,000048,1
2015-07-28,000048,1
2015-08-04,000048,1
2015-08-05,000048,2
2015-08-06,000048,3
2015-08-12,000048,1
2015-08-17,000048,1
2015-08-19,000048,1
2015-12-08,000048,1
2015-12-09,000048,2
2015-12-10,000048,3
2015-12-15,000048,1
2015-12-16,000048,2
2016-01-05,000048,1
2016-01-06,000048,2
2016-01-18,000048,1
2016-01-19,000048,2
2016-01-22,000048,1
2016-02-24,000048,1
2016-04-28,000048,1
2018-02-28,000048,1
2020-04-24,000048,1
2020-04-27,000048,2
2020-08-24,000048,1
2020-12-01,000048,1
2021-02-08,000048,1
2022-01-24,000048,1
2022-03-22,000048,1
2014-01-07,000049,1
2015-01-20,000049,1
2015-03-05,000049,1
2015-05-13,000049,1
2015-05-15,000049,1
2015-05-18,000049,2
2015-06-30,000049,1
2015-07-09,000049,1
2015-07-10,000049,2
2015-07-13,000049,3
2015-11-13,000049,1
2015-11-30,000049,1
2015-12-09,000049,1
2016-01-14,000049,1
2017-03-13,000049,1
2019-07-24,000049,1
2019-07-25,000049,2
2019-10-14,000049,1
2020-01-16,000049,1
2020-05-06,000049,1
2020-05-07,000049,2
2020-12-23,000049,1
2020-12-24,000049,2
2021-01-22,000049,1
2021-10-21,000049,1
2021-10-25,000049,1
2021-11-12,000049,1
2021-11-22,000049,1
2021-12-16,000049,1
2021-12-17,000049,2
2021-12-22,000049,1
2022-05-11,000049,1
2022-06-24,000049,1
2022-08-17,000049,1
2022-08-23,000049,1
2022-10-18,000049,1
2022-10-19,000049,2
2014-07-28,000050,1
2014-07-29,000050,2
2014-08-05,000050,1
2014-08-11,000050,1
2014-08-13,000050,1
2014-08-25,000050,1
2014-09-01,000050,1
2015-01-29,000050,1
2015-03-19,000050,1
2015-06-04,000050,1
2015-06-05,000050,2
2015-07-13,000050,1
2015-07-14,000050,2
2015-07-17,000050,1
2015-07-29,000050,1
2015-08-28,000050,1
2015-09-16,000050,1
2015-10-27,000050,1
2015-11-11,000050,1
2015-11-19,000050,1
2015-11-20,000050,2
2016-03-31,000050,1
2017-03-23,000050,1
2017-04-26,000050,1
2019-02-11,000050,1
2019-02-13,000050,1
2019-02-15,000050,1
2019-02-18,000050,2
2019-02-19,000050,3
2019-02-25,000050,1
2019-03-07,000050,1
2019-04-24,000050,1
2019-07-01,000050,1
2021-07-09,000050,1
2023-03-10,000050,1
2015-07-13,000055,1
2015-07-14,000055,2
2015-12-21,000055,1
2016-02-04,000055,1
2016-03-30,000055,1
2017-07-26,000055,1
2018-01-22,000055,1
2018-01-23,000055,2
2018-01-31,000055,1
2018-02-28,000055,1
2019-01-16,000055,1
2019-01-17,000055,2
2019-01-18,000055,3
2019-01-21,000055,4
2019-08-19,000055,1
2019-11-22,000055,1
2020-04-20,000055,1
2020-07-10,000055,1
2021-10-25,000055,1
2021-12-07,000055,1
2022-03-18,000055,1
2022-07-07,000055,1
2022-07-13,000055,1
2022-07-14,000055,2
2022-07-18,000055,1
2022-08-16,000055,1
2022-08-30,000055,1
2014-01-14,000058,1
2014-07-07,000058,1
2014-08-12,000058,1
2014-12-15,000058,1
2015-01-27,000058,1
2015-04-10,000058,1
2015-04-23,000058,1
2015-05-11,000058,1
2015-06-05,000058,1
2015-06-12,000058,1
2015-06-15,000058,2
2015-07-14,000058,1
2015-07-17,000058,1
2015-07-20,000058,2
2015-08-04,000058,1
2015-08-10,000058,1
2015-08-28,000058,1
2015-10-12,000058,1
2015-10-27,000058,1
2015-10-29,000058,1
2016-03-03,000058,1
2016-03-15,000058,1
2016-03-17,000058,1
2016-07-19,000058,1
2016-09-22,000058,1
2017-09-29,000058,1
2018-04-09,000058,1
2018-11-13,000058,1
2018-11-14,000058,2
2018-11-15,000058,3
2018-11-16,000058,4
2018-11-26,000058,1
2018-12-28,000058,1
2019-01-08,000058,1
2019-02-25,000058,1
2019-08-19,000058,1
2019-08-20,000058,2
2019-08-21,000058,3
2019-08-22,000058,4
2019-08-23,000058,5
2019-08-26,000058,6
2019-08-27,000058,7
2019-08-28,000058,8
2019-08-29,000058,9
2019-09-06,000058,1
2020-01-10,000058,1
2020-02-12,000058,1
2020-04-03,000058,1
2020-07-10,000058,1
2020-07-13,000058,2
2020-07-29,000058,1
2020-08-03,000058,1
2020-09-18,000058,1
2021-03-09,000058,1
2021-06-24,000058,1
2021-09-03,000058,1
2021-11-18,000058,1
2021-12-28,000058,1
2022-05-31,000058,1
2022-06-24,000058,1
2022-06-27,000058,2
2022-08-16,000058,1
2022-08-23,000058,1
2022-11-23,000058,1
2022-12-05,000058,1
2022-12-06,000058,2
2014-02-20,000059,1
2014-07-30,000059,1
2014-07-31,000059,2
2014-08-04,000059,1
2014-10-17,000059,1
2014-11-19,000059,1
2021-06-29,000059,1
2021-11-23,000059,1
2022-03-11,000059,1
2022-08-12,000059,1
2022-08-15,000059,2
2022-08-25,000059,1
2022-10-24,000059,1
2023-03-28,000059,1
2014-06-23,000060,1
2014-12-03,000060,1
2014-12-04,000060,2
2015-01-05,000060,1
2015-04-07,000060,1
2015-04-22,000060,1
2015-05-26,000060,1
2015-06-02,000060,1
2015-06-04,000060,1
2015-07-15,000060,1
2015-07-17,000060,1
2015-08-17,000060,1
2015-08-28,000060,1
2015-09-16,000060,1
2015-10-09,000060,1
2015-10-12,000060,2
2015-11-10,000060,1
2015-12-14,000060,1
2016-02-04,000060,1
2016-03-02,000060,1
2016-04-13,000060,1
2016-07-04,000060,1
2016-11-11,000060,1
2019-02-25,000060,1
2019-04-01,000060,1
2020-07-06,000060,1
2021-02-18,000060,1
2015-03-04,000061,1
2015-04-17,000061,1
2015-05-08,000061,1
2015-05-12,000061,1
2015-07-09,000061,1
2015-07-10,000061,2
2015-07-13,000061,3
2015-12-11,000061,1
2018-11-13,000061,1
2018-11-14,000061,2
2018-11-19,000061,1
2019-04-01,000061,1
2020-02-06,000061,1
2020-02-10,000061,1
2020-02-27,000061,1
2020-04-22,000061,1
2020-04-23,000061,2
2020-04-24,000061,3
2022-03-21,000061,1
2022-04-13,000061,1
2014-01-21,000062,1
2014-03-06,000062,1
2014-05-28,000062,1
2014-06-10,000062,1
2014-12-04,000062,1
2015-02-03,000062,1
2015-02-05,000062,1
2015-03-02,000062,1
2015-03-03,000062,2
2015-05-21,000062,1
2015-05-22,000062,2
2015-05-25,000062,3
2015-05-26,000062,4
2015-05-27,000062,5
2015-05-28,000062,6
2015-06-02,000062,1
2015-06-04,000062,1
2015-06-05,000062,2
2015-06-10,000062,1
2015-06-11,000062,2
2015-06-17,000062,1
2015-07-09,000062,1
2015-07-10,000062,2
2015-07-13,000062,3
2015-07-14,000062,4
2015-08-04,000062,1
2015-08-14,000062,1
2015-08-17,000062,2
2015-08-19,000062,1
2015-09-24,000062,1
2015-10-12,000062,1
2015-10-20,000062,1
2015-10-29,000062,1
2016-03-03,000062,1
2016-06-17,000062,1
2016-11-23,000062,1
2017-04-12,000062,1
2017-05-16,000062,1
2017-05-17,000062,2
2017-05-18,000062,3
2018-04-24,000062,1
2018-06-04,000062,1
2019-05-20,000062,1
2019-08-19,000062,1
2021-05-06,000062,1
2021-06-30,000062,1
2021-07-01,000062,2
2021-11-01,000062,1
2022-05-26,000062,1
2022-08-26,000062,1
2014-12-17,000063,1
2015-04-29,000063,1
2015-06-30,000063,1
2015-07-14,000063,1
2015-07-15,000063,2
2015-08-27,000063,1
2017-03-16,000063,1
2018-07-03,000063,1
2018-07-12,000063,1
2018-07-16,000063,1
2018-07-17,000063,2
2018-08-09,000063,1
2019-02-22,000063,1
2019-03-28,000063,1
2019-04-16,000063,1
2019-09-09,000063,1
2020-02-24,000063,1
2020-02-25,000063,2
2020-11-05,000063,1
2020-12-29,000063,1
2021-07-12,000063,1
2022-03-23,000063,1
2023-04-07,000063,1
2023-06-20,000063,1
2014-09-01,000065,1
2014-09-02,000065,2
2014-10-14,000065,1
2014-11-04,000065,1
2014-11-05,000065,2
2014-12-08,000065,1
2015-04-07,000065,1
2015-04-17,000065,1
2015-04-22,000065,1
2015-04-23,000065,2
2015-05-19,000065,1
2015-05-22,000065,1
2015-05-25,000065,2
2015-06-04,000065,1
2015-06-05,000065,2
2015-07-09,000065,1
2015-07-10,000065,2
2015-07-13,000065,3
2015-07-14,000065,4
2015-08-04,000065,1
2015-08-28,000065,1
2015-09-16,000065,1
2018-03-21,000065,1
2018-07-16,000065,1
2018-11-19,000065,1
2019-03-18,000065,1
2021-03-29,000065,1
2021-03-30,000065,2
2021-03-31,000065,3
2021-04-01,000065,4
2021-06-25,000065,1
2021-08-18,000065,1
2021-09-09,000065,1
2022-03-08,000065,1
2022-03-09,000065,2
2022-03-10,000065,3
2022-03-30,000065,1
2022-08-15,000065,1
2022-08-19,000065,1
2022-08-29,000065,1
2023-02-01,000065,1
2023-03-13,000065,1
2023-03-15,000065,1
2023-03-16,000065,2
2023-03-17,000065,3
2023-04-17,000065,1
2023-04-28,000065,1
2023-06-16,000065,1
2014-12-24,000066,1
2015-01-16,000066,1
2015-03-02,000066,1
2015-03-03,000066,2
2015-03-05,000066,1
2015-03-13,000066,1
2015-03-16,000066,2
2015-03-17,000066,3
2015-03-23,000066,1
2015-04-21,000066,1
2015-05-26,000066,1
2015-05-27,000066,2
2016-03-21,000066,1
2016-06-28,000066,1
2016-06-29,000066,2
2016-11-23,000066,1
2017-12-29,000066,1
2018-03-27,000066,1
2019-03-18,000066,1
2019-03-19,000066,2
2019-03-29,000066,1
2019-05-10,000066,1
2019-05-20,000066,1
2019-09-02,000066,1
2019-10-14,000066,1
2019-10-28,000066,1
2020-03-02,000066,1
2020-07-09,000066,1
2020-08-03,000066,1
2020-12-15,000066,1
2021-05-18,000066,1
2021-05-19,000066,2
2022-05-06,000066,1
2022-10-12,000066,1
2022-10-20,000066,1
2022-11-17,000066,1
2023-02-02,000066,1
2023-04-03,000066,1
2014-01-24,000068,1
2015-01-16,000068,1
2016-08-29,000068,1
2017-09-13,000068,1
2018-08-06,000068,1
2018-10-26,000068,1
2018-11-09,000068,1
2018-11-12,000068,2
2018-11-13,000068,3
2018-11-14,000068,4
2018-11-15,000068,5
2018-11-16,000068,6
2018-11-19,000068,7
2018-12-14,000068,1
2018-12-17,000068,2
2018-12-18,000068,3
2019-01-16,000068,1
2019-01-17,000068,2
2019-02-01,000068,1
2019-02-14,000068,1
2019-02-21,000068,1
2019-02-22,000068,2
2019-02-25,000068,3
2019-02-26,000068,4
2019-02-27,000068,5
2019-03-13,000068,1
2019-07-16,000068,1
2019-08-19,000068,1
2019-08-20,000068,2
2019-08-21,000068,3
2019-08-22,000068,4
2019-08-29,000068,1
2019-10-11,000068,1
2019-10-14,000068,2
2019-12-10,000068,1
2020-04-03,000068,1
2020-04-27,000068,1
2020-04-28,000068,2
2020-07-10,000068,1
2020-09-23,000068,1
2020-12-30,000068,1
2020-12-31,000068,2
2021-01-15,000068,1
2021-09-14,000068,1
2021-12-01,000068,1
2022-05-10,000068,1
2022-05-11,000068,2
2022-05-13,000068,1
2022-05-17,000068,1
2022-05-18,000068,2
2022-05-31,000068,1
2022-06-21,000068,1
2022-06-22,000068,2
2022-09-01,000068,1
2022-09-02,000068,2
2022-09-21,000068,1
2022-09-27,000068,1
2022-10-31,000068,1
2022-11-23,000068,1
2023-05-23,000068,1
2015-01-21,000069,1
2015-03-23,000069,1
2015-03-24,000069,2
2015-05-27,000069,1
2015-07-17,000069,1
2015-07-20,000069,2
2015-12-17,000069,1
2016-03-02,000069,1
2020-07-06,000069,1
2020-07-07,000069,2
2021-02-18,000069,1
2022-11-29,000069,1
2015-04-13,000070,1
2015-04-14,000070,2
2015-04-15,000070,3
2015-04-16,000070,4
2015-04-17,000070,5
2015-04-20,000070,6
2015-04-21,000070,7
2015-04-22,000070,8
2015-04-23,000070,9
2015-05-19,000070,1
2015-05-20,000070,2
2015-07-01,000070,1
2015-07-17,000070,1
2015-07-20,000070,2
2015-07-21,000070,3
2015-07-22,000070,4
2015-08-04,000070,1
2015-08-10,000070,1
2015-08-13,000070,1
2015-08-27,000070,1
2015-08-28,000070,2
2015-09-16,000070,1
2015-09-28,000070,1
2015-10-26,000070,1
2015-12-25,000070,1
2016-05-16,000070,1
2016-06-17,000070,1
2016-09-19,000070,1
2017-06-08,000070,1
2018-01-11,000070,1
2018-11-21,000070,1
2019-01-02,000070,1
2019-01-03,000070,2
2019-01-04,000070,3
2019-01-07,000070,4
2019-01-08,000070,5
2019-01-10,000070,1
2019-01-16,000070,1
2019-02-11,000070,1
2019-02-21,000070,1
2019-02-22,000070,2
2019-02-25,000070,3
2019-02-27,000070,1
2019-04-16,000070,1
2019-04-22,000070,1
2019-05-10,000070,1
2019-08-19,000070,1
2019-08-20,000070,2
2019-09-03,000070,1
2020-02-24,000070,1
2020-08-13,000070,1
2020-11-05,000070,1
2021-06-22,000070,1
2022-06-16,000070,1
2022-06-28,000070,1
2022-06-29,000070,2
2022-08-04,000070,1
2022-11-02,000070,1
2022-12-06,000070,1
2023-03-13,000070,1
2023-03-24,000070,1
2023-05-18,000070,1
2023-05-30,000070,1
2023-05-31,000070,2
2023-06-08,000070,1
2014-09-22,000088,1
2014-12-08,000088,1
2014-12-10,000088,1
2015-07-09,000088,1
2015-07-10,000088,2
2015-07-13,000088,3
2015-09-23,000088,1
2015-09-24,000088,2
2016-03-04,000088,1
2016-03-07,000088,2
2016-07-08,000088,1
2017-03-29,000088,1
2017-04-06,000088,1
2017-04-11,000088,1
2017-04-12,000088,2
2019-02-19,000088,1
2019-08-19,000088,1
2019-08-20,000088,2
2020-06-15,000088,1
2020-06-16,000088,2
2020-07-24,000088,1
2020-07-30,000088,1
2020-08-03,000088,1
2020-08-04,000088,2
2020-09-18,000088,1
2020-10-09,000088,1
2022-03-03,000088,1
2015-05-04,000089,1
2015-05-25,000089,1
2015-06-15,000089,1
2015-07-13,000089,1
2015-07-14,000089,2
2015-07-17,000089,1
2015-10-16,000089,1
2019-08-13,000089,1
2019-08-19,000089,1
2020-07-06,000089,1
2020-08-03,000089,1
2014-11-07,000090,1
2014-11-10,000090,2
2014-11-13,000090,1
2015-01-15,000090,1
2015-04-16,000090,1
2015-05-12,000090,1
2015-06-01,000090,1
2015-06-03,000090,1
2015-07-14,000090,1
2015-07-23,000090,1
2015-08-10,000090,1
2015-09-16,000090,1
2015-11-09,000090,1
2016-03-02,000090,1
2016-08-03,000090,1
2016-09-12,000090,1
2017-04-11,000090,1
2017-04-12,000090,2
2018-07-24,000090,1
2020-09-18,000090,1
2022-05-13,000090,1
2014-01-10,000096,1
2014-02-19,000096,1
2014-02-20,000096,2
2014-02-26,000096,1
2014-05-13,000096,1
2014-07-30,000096,1
2015-04-14,000096,1
2015-04-27,000096,1
2015-06-04,000096,1
2015-06-05,000096,2
2015-06-09,000096,1
2015-06-30,000096,1
2015-07-09,000096,1
2015-07-10,000096,2
2015-07-13,000096,3
2015-07-14,000096,4
2015-07-21,000096,1
2015-07-22,000096,2
2015-07-23,000096,3
2015-07-29,000096,1
2015-08-04,000096,1
2015-08-10,000096,1
2015-08-27,000096,1
2015-08-28,000096,2
2015-09-16,000096,1
2015-11-10,000096,1
2015-11-11,000096,2
2017-04-12,000096,1
2019-02-19,000096,1
2020-07-10,000096,1
2022-06-09,000096,1
2022-06-10,000096,2
2014-09-15,000099,1
2015-07-09,000099,1
2015-07-10,000099,2
2015-07-13,000099,3
2015-07-14,000099,4
2015-07-16,000099,1
2015-07-17,000099,2
2015-07-20,000099,3
2015-07-29,000099,1
2015-08-04,000099,1
2015-08-05,000099,2
2015-08-07,000099,1
2015-08-28,000099,1
2015-09-16,000099,1
2015-09-21,000099,1
2016-03-25,000099,1
2016-04-29,000099,1
2019-08-21,000099,1
2020-04-22,000099,1
2020-08-03,000099,1
2021-11-18,000099,1
2023-06-07,000099,1
2023-06-09,000099,1
2014-01-27,000100,1
2014-08-15,000100,1
2014-10-10,000100,1
2015-02-11,000100,1
2015-03-18,000100,1
2015-05-14,000100,1
2015-07-09,000100,1
2015-07-10,000100,2
2015-12-21,000100,1
2019-02-13,000100,1
2019-03-05,000100,1
2019-03-25,000100,1
2019-12-16,000100,1
2020-02-06,000100,1
2020-02-20,000100,1
2020-04-30,000100,1
2020-12-02,000100,1
2021-01-12,000100,1
2014-05-23,000151,1
2014-07-16,000151,1
2014-07-17,000151,2
2014-07-18,000151,3
2014-07-21,000151,4
2014-07-22,000151,5
2014-07-29,000151,1
2014-11-04,000151,1
2014-12-11,000151,1
2014-12-31,000151,1
2015-04-09,000151,1
2015-06-11,000151,1
2015-06-17,000151,1
2015-06-24,000151,1
2015-07-09,000151,1
2015-07-10,000151,2
2015-07-13,000151,3
2015-07-21,000151,1
2015-07-22,000151,2
2015-07-23,000151,3
2015-07-28,000151,1
2015-08-04,000151,1
2015-08-10,000151,1
2015-08-11,000151,2
2015-08-28,000151,1
2015-10-15,000151,1
2015-10-16,000151,2
2015-10-19,000151,3
2015-10-22,000151,1
2016-01-19,000151,1
2016-02-24,000151,1
2016-07-05,000151,1
2017-03-27,000151,1
2017-03-28,000151,2
2017-05-11,000151,1
2018-03-13,000151,1
2018-03-14,000151,2
2018-03-15,000151,3
2018-03-16,000151,4
2018-03-21,000151,1
2018-03-22,000151,2
2018-07-27,000151,1
2018-08-15,000151,1
2018-10-24,000151,1
2018-11-19,000151,1
2019-04-11,000151,1
2020-05-19,000151,1
2021-03-29,000151,1
2021-03-30,000151,2
2021-03-31,000151,3
2021-04-01,000151,4
2021-12-20,000151,1
2021-12-21,000151,2
2022-02-25,000151,1
2022-03-02,000151,1
2022-03-03,000151,2
2022-03-30,000151,1
2022-04-01,000151,1
2022-05-18,000151,1
2022-05-19,000151,2
2022-05-20,000151,3
2022-05-23,000151,4
2022-05-24,000151,5
2022-05-25,000151,6
2022-05-27,000151,1
2022-05-30,000151,2
2022-05-31,000151,3
2022-06-01,000151,4
2022-06-07,000151,1
2022-08-30,000151,1
2022-09-08,000151,1
2022-11-22,000151,1
2022-11-23,000151,2
2022-11-24,000151,3
2022-11-25,000151,4
2022-12-09,000151,1
2023-02-01,000151,1
2023-03-03,000151,1
2023-06-16,000151,1
2023-06-29,000151,1
2014-10-31,000153,1
2014-12-10,000153,1
2015-05-25,000153,1
2015-07-17,000153,1
2015-07-20,000153,2
2015-07-21,000153,3
2015-07-22,000153,4
2015-07-28,000153,1
2015-07-29,000153,2
2015-09-08,000153,1
2015-09-16,000153,1
2016-04-22,000153,1
2016-08-26,000153,1
2018-04-04,000153,1
2018-10-24,000153,1
2019-10-22,000153,1
2019-10-24,000153,1
2020-02-04,000153,1
2020-02-06,000153,1
2020-05-08,000153,1
2020-07-13,000153,1
2020-07-14,000153,2
2020-07-21,000153,1
2020-07-22,000153,2
2020-07-28,000153,1
2020-07-30,000153,1
2020-12-15,000153,1
2021-05-25,000153,1
2021-06-21,000153,1
2021-08-27,000153,1
2021-10-20,000153,1
2021-11-10,000153,1
2021-11-25,000153,1
2022-06-06,000153,1
2022-11-14,000153,1
2022-11-15,000153,2
2022-11-21,000153,1
2022-11-28,000153,1
2022-12-02,000153,1
2022-12-08,000153,1
2014-03-10,000155,1
2014-03-20,000155,1
2014-04-22,000155,1
2014-04-30,000155,1
2014-05-13,000155,1
2014-07-01,000155,1
2014-09-11,000155,1
2014-09-12,000155,2
2014-12-05,000155,1
2015-03-04,000155,1
2015-03-10,000155,1
2015-03-27,000155,1
2018-01-23,000155,1
2018-02-12,000155,1
2018-07-25,000155,1
2018-10-22,000155,1
2020-06-08,000155,1
2020-06-19,000155,1
2020-06-22,000155,2
2020-11-13,000155,1
2020-11-16,000155,2
2020-12-17,000155,1
2021-01-05,000155,1
2021-01-12,000155,1
2021-01-15,000155,1
2021-01-18,000155,2
2021-01-20,000155,1
2021-01-22,000155,1
2021-02-02,000155,1
2021-02-09,000155,1
2021-05-06,000155,1
2021-07-13,000155,1
2021-07-20,000155,1
2021-08-04,000155,1
2021-08-05,000155,2
2021-08-20,000155,1
2021-09-17,000155,1
2021-10-20,000155,1
2021-11-18,000155,1
2022-02-28,000155,1
2022-04-27,000155,1
2022-05-30,000155,1
2022-07-14,000155,1
2022-09-20,000155,1
2014-01-30,000156,1
2014-04-09,000156,1
2014-04-10,000156,2
2014-04-11,000156,3
2014-08-19,000156,1
2015-02-13,000156,1
2015-02-16,000156,2
2015-05-12,000156,1
2015-05-13,000156,2
2015-06-05,000156,1
2015-07-09,000156,1
2015-07-10,000156,2
2015-07-13,000156,3
2015-07-14,000156,4
2015-08-04,000156,1
2015-09-02,000156,1
2015-09-16,000156,1
2015-09-30,000156,1
2015-11-06,000156,1
2016-03-24,000156,1
2018-11-28,000156,1
2019-03-21,000156,1
2019-03-22,000156,2
2019-12-17,000156,1
2019-12-18,000156,2
2020-02-04,000156,1
2020-02-05,000156,2
2020-02-06,000156,3
2020-07-21,000156,1
2022-02-09,000156,1
2014-12-08,000157,1
2014-12-19,000157,1
2014-12-25,000157,1
2015-03-30,000157,1
2015-06-02,000157,1
2015-07-09,000157,1
2015-07-10,000157,2
2015-07-13,000157,3
2015-08-11,000157,1
2015-12-02,000157,1
2020-12-01,000157,1
2020-12-02,000157,2
2021-02-08,000157,1
2021-08-02,000157,1
2021-09-01,000157,1
2014-03-24,000158,1
2014-03-27,000158,1
2014-09-30,000158,1
2014-10-08,000158,2
2014-10-09,000158,3
2014-10-10,000158,4
2014-10-13,000158,5
2014-10-14,000158,6
2014-11-27,000158,1
2014-11-28,000158,2
2014-12-10,000158,1
2015-05-08,000158,1
2015-05-11,000158,2
2015-05-12,000158,3
2015-05-14,000158,1
2015-05-15,000158,2
2015-05-18,000158,3
2015-05-29,000158,1
2015-06-01,000158,2
2015-06-02,000158,3
2015-07-14,000158,1
2015-07-17,000158,1
2015-08-04,000158,1
2015-08-07,000158,1
2015-08-28,000158,1
2015-09-08,000158,1
2015-09-09,000158,2
2015-09-16,000158,1
2015-10-27,000158,1
2017-04-05,000158,1
2017-04-13,000158,1
2017-05-02,000158,1
2017-05-15,000158,1
2018-01-26,000158,1
2018-05-08,000158,1
2018-11-14,000158,1
2019-02-25,000158,1
2019-03-07,000158,1
2019-10-22,000158,1
2019-10-23,000158,2
2019-10-25,000158,1
2019-10-28,000158,2
2020-02-19,000158,1
2020-02-21,000158,1
2020-02-25,000158,1
2020-03-02,000158,1
2020-05-15,000158,1
2020-07-09,000158,1
2021-04-20,000158,1
2021-05-12,000158,1
2021-05-13,000158,2
2021-05-28,000158,1
2021-05-31,000158,2
2021-06-07,000158,1
2021-06-17,000158,1
2021-06-18,000158,2
2021-09-14,000158,1
2022-01-17,000158,1
2022-02-21,000158,1
2022-03-28,000158,1
2022-07-19,000158,1
2022-07-20,000158,2
2022-11-01,000158,1
2023-03-24,000158,1
2023-03-27,000158,2
2023-06-02,000158,1
2023-06-12,000158,1
2014-02-20,000159,1
2014-04-14,000159,1
2014-11-06,000159,1
2014-11-10,000159,1
2015-04-02,000159,1
2015-06-05,000159,1
2015-07-09,000159,1
2015-07-10,000159,2
2015-07-13,000159,3
2015-08-10,000159,1
2015-08-11,000159,2
2015-08-13,000159,1
2015-08-28,000159,1
2015-09-16,000159,1
2016-02-03,000159,1
2016-12-19,000159,1
2017-02-15,000159,1
2017-02-16,000159,2
2018-07-31,000159,1
2018-08-02,000159,1
2018-08-07,000159,1
2018-09-07,000159,1
2018-09-13,000159,1
2018-11-12,000159,1
2018-11-13,000159,2
2018-11-14,000159,3
2019-03-14,000159,1
2019-03-15,000159,2
2019-03-18,000159,3
2019-03-19,000159,4
2019-03-20,000159,5
2019-03-21,000159,6
2019-03-22,000159,7
2019-03-27,000159,1
2019-04-02,000159,1
2019-04-08,000159,1
2019-04-09,000159,2
2019-04-18,000159,1
2019-04-19,000159,2
2019-09-04,000159,1
2019-11-28,000159,1
2020-03-10,000159,1
2020-07-03,000159,1
2020-07-20,000159,1
2020-08-03,000159,1
2020-09-15,000159,1
2021-01-19,000159,1
2021-03-30,000159,1
2021-05-18,000159,1
2021-05-24,000159,1
2021-07-14,000159,1
2021-07-22,000159,1
2021-12-28,000159,1
2015-07-09,000166,1
2015-07-10,000166,2
2015-11-04,000166,1
2016-03-21,000166,1
2018-10-22,000166,1
2019-02-22,000166,1
2019-02-25,000166,2
2020-07-03,000166,1
2020-07-06,000166,2
2021-09-06,000166,1
2014-09-17,000301,1
2014-09-18,000301,2
2015-04-02,000301,1
2015-06-08,000301,1
2015-06-12,000301,1
2015-07-15,000301,1
2015-07-17,000301,1
2015-08-11,000301,1
2015-11-23,000301,1
2016-11-16,000301,1
2016-11-17,000301,2
2017-10-09,000301,1
2017-10-10,000301,2
2017-10-11,000301,3
2018-03-27,000301,1
2021-01-06,000301,1
2021-01-11,000301,1
2021-01-12,000301,2
2021-01-18,000301,1
2021-01-19,000301,2
2021-03-18,000301,1
2021-03-30,000301,1
2021-05-13,000301,1
2021-06-23,000301,1
2021-06-24,000301,2
2021-07-07,000301,1
2021-07-12,000301,1
2021-08-24,000301,1
2021-09-02,000301,1
2021-10-13,000301,1
2021-10-18,000301,1
2021-11-17,000301,1
2022-06-10,000301,1
2022-07-27,000301,1
2022-08-02,000301,1
2023-01-06,000301,1
2015-07-09,000333,1
2015-07-10,000333,2
2016-07-12,000333,1
2015-06-02,000338,1
2015-07-09,000338,1
2015-07-10,000338,2
2015-07-13,000338,3
2021-02-02,000338,1
2021-08-02,000338,1
2023-05-04,000338,1
2014-02-10,000400,1
2015-04-01,000400,1
2015-07-09,000400,1
2015-07-10,000400,2
2015-07-13,000400,3
2015-08-07,000400,1
2015-08-31,000400,1
2015-09-16,000400,1
2015-10-08,000400,1
2018-09-10,000400,1
2019-03-11,000400,1
2019-10-09,000400,1
2020-02-27,000400,1
2020-03-02,000400,1
2020-03-05,000400,1
2020-03-13,000400,1
2020-08-13,000400,1
2021-03-02,000400,1
2021-08-30,000400,1
2021-09-02,000400,1
2021-09-22,000400,1
2021-09-30,000400,1
2021-11-12,000400,1
2021-11-18,000400,1
2021-11-25,000400,1
2022-04-27,000400,1
2022-07-07,000400,1
2022-11-01,000400,1
2014-03-19,000401,1
2015-03-18,000401,1
2015-03-31,000401,1
2015-04-03,000401,1
2015-07-09,000401,1
2015-07-10,000401,2
2015-07-13,000401,3
2015-07-23,000401,1
2015-07-29,000401,1
2015-08-03,000401,1
2015-11-20,000401,1
2015-12-01,000401,1
2015-12-02,000401,2
2015-12-14,000401,1
2016-01-06,000401,1
2016-01-08,000401,1
2017-04-05,000401,1
2017-04-06,000401,2
2017-04-07,000401,3
2017-04-10,000401,4
2017-04-11,000401,5
2017-04-12,000401,6
2017-08-01,000401,1
2018-01-15,000401,1
2018-02-22,000401,1
2018-07-24,000401,1
2018-11-19,000401,1
2020-02-10,000401,1
2020-03-02,000401,1
2020-07-20,000401,1
2014-04-28,000402,1
2014-05-07,000402,1
2014-11-28,000402,1
2014-12-04,000402,1
2014-12-10,000402,1
2015-07-09,000402,1
2015-07-10,000402,2
2015-07-13,000402,3
2015-12-01,000402,1
2015-12-02,000402,2
2015-12-03,000402,3
2015-12-17,000402,1
2015-12-21,000402,1
2016-08-12,000402,1
2016-08-15,000402,2
2016-08-18,000402,1
2017-04-10,000402,1
2020-07-06,000402,1
2021-03-24,000402,1
2021-05-24,000402,1
2021-09-03,000402,1
2022-04-28,000402,1
2022-11-29,000402,1
2020-02-06,000403,1
2020-05-15,000403,1
2020-05-18,000403,2
2020-05-19,000403,3
2020-05-20,000403,4
2020-07-29,000403,1
2021-02-02,000403,1
2021-07-13,000403,1
2022-05-05,000403,1
2022-06-21,000403,1
2022-06-24,000403,1
2022-12-13,000403,1
2023-03-22,000403,1
2014-12-24,000404,1
2015-04-13,000404,1
2015-06-04,000404,1
2015-07-09,000404,1
2015-07-10,000404,2
2015-07-13,000404,3
2015-08-19,000404,1
2018-03-06,000404,1
2020-12-17,000404,1
2022-05-25,000404,1
2022-05-26,000404,2
2022-05-27,000404,3
2022-06-24,000404,1
2022-07-08,000404,1
2022-07-11,000404,2
2022-07-12,000404,3
2022-07-13,000404,4
2022-12-20,000404,1
2023-04-20,000404,1
2014-04-18,000407,1
2015-03-27,000407,1
2015-03-30,000407,2
2015-07-15,000407,1
2015-08-17,000407,1
2015-08-19,000407,1
2015-10-08,000407,1
2016-03-23,000407,1
2016-12-22,000407,1
2017-03-22,000407,1
2017-03-23,000407,2
2018-08-07,000407,1
2018-08-09,000407,1
2019-03-06,000407,1
2019-03-19,000407,1
2020-03-20,000407,1
2020-07-02,000407,1
2020-07-09,000407,1
2020-10-16,000407,1
2021-09-28,000407,1
2022-03-03,000407,1
2022-09-05,000407,1
2022-09-29,000407,1
2022-09-30,000407,2
2022-10-18,000407,1
2014-02-12,000408,1
2014-12-22,000408,1
2014-12-23,000408,2
2014-12-24,000408,3
2014-12-25,000408,4
2014-12-26,000408,5
2014-12-29,000408,6
2014-12-30,000408,7
2015-01-22,000408,1
2015-04-23,000408,1
2015-06-02,000408,1
2015-07-15,000408,1
2015-07-16,000408,2
2015-07-17,000408,3
2015-07-29,000408,1
2015-08-04,000408,1
2015-08-14,000408,1
2015-08-28,000408,1
2015-09-08,000408,1
2015-09-16,000408,1
2015-11-11,000408,1
2015-11-25,000408,1
2016-01-20,000408,1
2017-08-24,000408,1
2017-09-01,000408,1
2019-05-21,000408,1
2019-06-18,000408,1
2019-06-19,000408,2
2019-06-24,000408,1
2020-01-14,000408,1
2021-05-19,000408,1
2021-05-31,000408,1
2021-06-04,000408,1
2021-08-18,000408,1
2021-09-06,000408,1
2021-09-30,000408,1
2021-12-03,000408,1
2021-12-28,000408,1
2022-01-24,000408,1
2022-05-17,000408,1
2014-01-16,000409,1
2014-07-25,000409,1
2015-01-22,000409,1
2015-03-23,000409,1
2015-03-25,000409,1
2015-07-09,000409,1
2015-07-10,000409,2
2015-07-13,000409,3
2015-07-16,000409,1
2015-07-17,000409,2
2015-08-04,000409,1
2015-08-10,000409,1
2015-08-13,000409,1
2015-09-16,000409,1
2015-11-10,000409,1
2015-12-28,000409,1
2016-01-27,000409,1
2016-03-03,000409,1
2016-09-26,000409,1
2016-09-27,000409,2
2016-09-28,000409,3
2016-10-21,000409,1
2016-10-25,000409,1
2016-10-31,000409,1
2018-01-03,000409,1
2021-04-20,000409,1
2021-05-21,000409,1
2021-06-03,000409,1
2021-06-10,000409,1
2021-06-11,000409,2
2021-07-05,000409,1
2021-12-15,000409,1
2021-12-16,000409,2
2022-01-06,000409,1
2022-02-07,000409,1
2022-02-14,000409,1
2022-02-16,000409,1
2022-07-28,000409,1
2022-09-02,000409,1
2022-09-05,000409,2
2022-09-06,000409,3
2022-10-17,000409,1
2023-01-03,000409,1
2023-02-02,000409,1
2023-03-21,000409,1
2014-02-26,000410,1
2014-11-25,000410,1
2014-11-26,000410,2
2014-11-27,000410,3
2014-11-28,000410,4
2014-12-08,000410,1
2014-12-17,000410,1
2015-02-27,000410,1
2015-03-02,000410,2
2015-04-17,000410,1
2015-04-20,000410,2
2015-04-21,000410,3
2015-04-22,000410,4
2015-05-05,000410,1
2015-05-14,000410,1
2015-07-09,000410,1
2015-07-10,000410,2
2015-07-13,000410,3
2015-07-14,000410,4
2015-07-17,000410,1
2015-07-20,000410,2
2015-07-22,000410,1
2015-07-29,000410,1
2015-08-04,000410,1
2015-08-19,000410,1
2015-08-28,000410,1
2015-09-09,000410,1
2015-09-16,000410,1
2015-10-08,000410,1
2015-10-09,000410,2
2015-10-22,000410,1
2015-10-26,000410,1
2015-11-16,000410,1
2016-01-18,000410,1
2016-03-08,000410,1
2016-03-17,000410,1
2018-03-01,000410,1
2018-03-02,000410,2
2018-03-29,000410,1
2018-06-29,000410,1
2019-01-14,000410,1
2019-01-15,000410,2
2019-01-16,000410,3
2019-04-12,000410,1
2023-05-24,000410,1
2023-05-25,000410,2
2014-10-10,000411,1
2014-10-14,000411,1
2014-11-27,000411,1
2015-06-11,000411,1
2015-06-12,000411,2
2015-06-15,000411,3
2015-06-16,000411,4
2015-06-17,000411,5
2015-06-18,000411,6
2015-06-19,000411,7
2015-07-09,000411,1
2015-07-10,000411,2
2015-07-13,000411,3
2015-07-22,000411,1
2015-08-04,000411,1
2015-09-16,000411,1
2015-09-28,000411,1
2015-10-23,000411,1
2015-11-23,000411,1
2015-11-24,000411,2
2015-12-23,000411,1
2016-01-27,000411,1
2016-07-15,000411,1
2017-01-11,000411,1
2018-07-13,000411,1
2018-07-16,000411,2
2018-07-31,000411,1
2018-08-10,000411,1
2018-09-26,000411,1
2020-07-24,000411,1
2020-07-27,000411,2
2020-07-28,000411,3
2020-07-29,000411,4
2020-07-30,000411,5
2020-07-31,000411,6
2020-08-03,000411,7
2020-08-07,000411,1
2020-08-10,000411,2
2020-08-18,000411,1
2020-09-24,000411,1
2020-09-25,000411,2
2021-04-21,000411,1
2021-12-13,000411,1
2021-12-14,000411,2
2022-01-06,000411,1
2022-03-04,000411,1
2022-05-11,000411,1
2022-09-30,000411,1
2022-10-31,000411,1
2022-11-10,000411,1
2022-12-12,000411,1
2022-12-13,000411,2
2023-02-16,000411,1
2014-01-17,000415,1
2014-11-20,000415,1
2015-04-20,000415,1
2015-04-21,000415,2
2015-04-22,000415,3
2015-04-23,000415,4
2015-07-14,000415,1
2015-08-27,000415,1
2015-11-09,000415,1
2016-08-11,000415,1
2016-12-22,000415,1
2017-04-13,000415,1
2019-02-25,000415,1
2020-05-20,000415,1
2021-01-25,000415,1
2021-05-28,000415,1
2021-06-02,000415,1
2021-11-30,000415,1
2022-05-09,000415,1
2022-12-05,000415,1
2015-03-06,000417,1
2015-03-10,000417,1
2015-04-01,000417,1
2015-06-11,000417,1
2015-06-12,000417,2
2015-07-14,000417,1
2015-07-15,000417,2
2015-09-16,000417,1
2015-09-18,000417,1
2015-10-22,000417,1
2015-12-23,000417,1
2019-12-06,000417,1
2020-01-13,000417,1
2020-06-12,000417,1
2020-06-19,000417,1
2021-04-27,000417,1
2023-01-16,000417,1
2014-09-03,000419,1
2015-03-04,000419,1
2015-05-08,000419,1
2015-05-11,000419,2
2015-05-13,000419,1
2015-07-09,000419,1
2015-07-10,000419,2
2015-07-13,000419,3
2015-07-31,000419,1
2015-08-04,000419,1
2015-08-19,000419,1
2015-08-28,000419,1
2015-09-16,000419,1
2015-11-02,000419,1
2016-07-14,000419,1
2016-07-28,000419,1
2021-04-16,000419,1
2022-01-14,000419,1
2022-01-19,000419,1
2022-01-28,000419,1
2022-02-07,000419,2
2022-02-09,000419,1
2022-04-20,000419,1
2022-06-30,000419,1
2022-09-16,000419,1
2022-12-21,000419,1
2022-12-29,000419,1
2022-12-30,000419,2
2023-01-03,000419,3
2014-04-30,000420,1
2014-07-10,000420,1
2015-04-14,000420,1
2015-06-03,000420,1
2015-06-04,000420,2
2015-06-05,000420,3
2015-07-09,000420,1
2015-07-10,000420,2
2015-07-13,000420,3
2015-08-17,000420,1
2015-10-27,000420,1
2016-01-14,000420,1
2016-02-26,000420,1
2017-12-08,000420,1
2020-02-06,000420,1
2020-03-06,000420,1
2020-03-09,000420,2
2020-03-10,000420,3
2020-03-11,000420,4
2020-04-07,000420,1
2020-04-13,000420,1
2021-03-03,000420,1
2021-05-18,000420,1
2021-08-09,000420,1
2021-08-10,000420,2
2021-08-13,000420,1
2021-08-23,000420,1
2021-09-14,000420,1
2021-09-30,000420,1
2021-10-29,000420,1
2021-11-04,000420,1
2021-11-15,000420,1
2021-11-29,000420,1
2022-02-09,000420,1
2022-05-30,000420,1
2022-05-31,000420,2
2022-07-19,000420,1
2022-10-25,000420,1
2014-04-23,000421,1
2014-04-24,000421,2
2014-04-25,000421,3
2014-05-08,000421,1
2015-05-20,000421,1
2015-07-09,000421,1
2015-07-10,000421,2
2015-10-08,000421,1
2016-04-25,000421,1
2018-09-17,000421,1
2020-07-14,000421,1
2020-07-15,000421,2
2020-07-16,000421,3
2020-07-17,000421,4
2020-07-20,000421,5
2020-07-21,000421,6
2020-07-31,000421,1
2020-08-03,000421,2
2020-12-25,000421,1
2020-12-28,000421,2
2021-02-25,000421,1
2021-03-29,000421,1
2022-04-07,000421,1
2022-04-08,000421,2
2022-07-27,000421,1
2022-07-28,000421,2
2022-08-23,000421,1
2022-08-29,000421,1
2022-09-01,000421,1
2022-09-05,000421,1
2022-11-30,000421,1
2023-06-16,000421,1
2023-06-26,000421,1
2015-07-09,000422,1
2015-07-10,000422,2
2015-07-13,000422,3
2018-03-05,000422,1
2021-06-15,000422,1
2021-06-17,000422,1
2021-06-28,000422,1
2021-07-12,000422,1
2021-07-16,000422,1
2021-08-11,000422,1
2021-08-12,000422,2
2021-08-25,000422,1
2021-08-27,000422,1
2021-08-31,000422,1
2021-09-02,000422,1
2021-09-08,000422,1
2021-09-13,000422,1
2021-10-12,000422,1
2021-10-18,000422,1
2021-10-21,000422,1
2021-10-25,000422,1
2021-10-27,000422,1
2021-11-09,000422,1
2021-12-01,000422,1
2022-01-11,000422,1
2022-02-17,000422,1
2022-03-29,000422,1
2015-07-09,000423,1
2015-07-10,000423,2
2015-12-21,000423,1
2020-04-23,000423,1
2020-07-29,000423,1
2021-02-01,000423,1
2021-02-02,000423,2
2021-02-09,000423,1
2021-10-15,000423,1
2022-01-11,000423,1
2014-11-04,000425,1
2014-12-08,000425,1
2014-12-10,000425,1
2014-12-19,000425,1
2014-12-25,000425,1
2015-02-26,000425,1
2015-07-14,000425,1
2015-08-24,000425,1
2015-08-28,000425,1
2015-09-16,000425,1
2015-09-21,000425,1
2017-02-10,000425,1
2017-12-26,000425,1
2020-04-07,000425,1
2021-02-01,000425,1
2021-03-22,000425,1
2021-03-26,000425,1
2021-04-21,000425,1
2021-09-01,000425,1
2023-02-20,000425,1
2014-05-12,000426,1
2014-05-13,000426,2
2014-06-03,000426,1
2014-07-25,000426,1
2014-12-03,000426,1
2015-03-25,000426,1
2015-03-26,000426,2
2015-06-11,000426,1
2015-06-17,000426,1
2015-06-23,000426,1
2015-10-08,000426,1
2015-10-09,000426,2
2015-10-12,000426,3
2016-03-21,000426,1
2016-04-12,000426,1
2016-04-13,000426,2
2016-06-07,000426,1
2016-07-04,000426,1
2016-07-05,000426,2
2016-07-06,000426,3
2016-07-11,000426,1
2016-08-03,000426,1
2019-01-03,000426,1
2019-01-04,000426,2
2019-02-20,000426,1
2019-08-30,000426,1
2019-12-03,000426,1
2020-03-20,000426,1
2020-07-01,000426,1
2020-07-03,000426,1
2020-07-22,000426,1
2021-02-01,000426,1
2021-02-22,000426,1
2021-07-29,000426,1
2022-01-20,000426,1
2014-01-24,000428,1
2014-07-14,000428,1
2015-02-11,000428,1
2015-04-02,000428,1
2015-04-24,000428,1
2015-05-12,000428,1
2015-06-02,000428,1
2015-06-03,000428,2
2015-07-09,000428,1
2015-07-10,000428,2
2015-07-13,000428,3
2015-07-14,000428,4
2015-08-10,000428,1
2015-08-28,000428,1
2015-09-16,000428,1
2018-09-21,000428,1
2019-12-02,000428,1
2020-02-27,000428,1
2020-03-02,000428,1
2020-03-03,000428,2
2020-04-08,000428,1
2020-04-09,000428,2
2020-04-14,000428,1
2020-04-17,000428,1
2020-06-04,000428,1
2020-07-15,000428,1
2020-11-10,000428,1
2021-01-21,000428,1
2021-02-05,000428,1
2021-02-08,000428,2
2021-02-24,000428,1
2021-03-15,000428,1
2021-08-05,000428,1
2022-01-13,000428,1
2022-01-21,000428,1
2022-01-25,000428,1
2022-02-11,000428,1
2022-02-14,000428,2
2022-03-16,000428,1
2022-04-12,000428,1
2022-04-20,000428,1
2022-06-28,000428,1
2022-06-29,000428,2
2022-06-30,000428,3
2022-09-19,000428,1
2022-09-26,000428,1
2022-09-27,000428,2
2022-11-01,000428,1
2022-11-15,000428,1
2022-11-28,000428,1
2022-12-30,000428,1
2015-07-22,000429,1
2015-07-23,000429,2
2015-07-24,000429,3
2017-04-12,000429,1
2015-07-14,000430,1
2015-07-15,000430,2
2015-07-21,000430,1
2015-07-29,000430,1
2015-08-11,000430,1
2015-10-27,000430,1
2019-08-06,000430,1
2020-07-15,000430,1
2021-04-19,000430,1
2021-04-28,000430,1
2022-03-16,000430,1
2022-04-12,000430,1
2022-06-24,000430,1
2022-06-30,000430,1
2022-11-29,000430,1
2022-12-30,000430,1
2015-01-13,000498,1
2015-01-14,000498,2
2015-01-27,000498,1
2015-01-28,000498,2
2015-03-17,000498,1
2015-05-13,000498,1
2015-06-16,000498,1
2015-07-09,000498,1
2015-07-10,000498,2
2015-07-13,000498,3
2015-07-14,000498,4
2015-08-17,000498,1
2015-09-16,000498,1
2016-05-04,000498,1
2018-07-24,000498,1
2018-07-25,000498,2
2018-08-01,000498,1
2018-09-07,000498,1
2018-09-18,000498,1
2018-09-19,000498,2
2018-09-20,000498,3
2018-10-17,000498,1
2018-11-06,000498,1
2018-12-13,000498,1
2020-02-26,000498,1
2020-02-27,000498,2
2020-03-02,000498,1
2020-03-04,000498,1
2020-07-15,000498,1
2021-07-15,000498,1
2021-10-15,000498,1
2022-01-26,000498,1
2022-02-07,000498,1
2022-04-26,000498,1
2022-04-27,000498,2
2022-06-15,000498,1
2015-07-09,000501,1
2015-07-10,000501,2
2015-07-13,000501,3
2015-12-23,000501,1
2020-06-01,000501,1
2020-06-30,000501,1
2020-07-01,000501,2
2020-07-06,000501,1
2020-07-08,000501,1
2020-07-09,000501,2
2020-07-10,000501,3
2020-07-16,000501,1
2020-07-22,000501,1
2020-07-29,000501,1
2020-07-31,000501,1
2021-01-19,000501,1
2014-08-26,000503,1
2014-11-24,000503,1
2014-12-12,000503,1
2015-04-30,000503,1
2015-06-01,000503,1
2015-06-02,000503,2
2015-08-11,000503,1
2015-08-12,000503,2
2015-08-28,000503,1
2015-09-07,000503,1
2015-09-08,000503,2
2015-09-16,000503,1
2015-09-21,000503,1
2015-10-22,000503,1
2015-10-23,000503,2
2015-10-27,000503,1
2016-01-14,000503,1
2016-02-17,000503,1
2016-03-14,000503,1
2017-12-04,000503,1
2017-12-05,000503,2
2017-12-07,000503,1
2017-12-08,000503,2
2018-02-26,000503,1
2018-02-27,000503,2
2018-03-06,000503,1
2018-04-02,000503,1
2018-06-29,000503,1
2018-07-12,000503,1
2018-11-12,000503,1
2019-03-19,000503,1
2019-03-20,000503,2
2019-03-21,000503,3
2019-04-08,000503,1
2019-07-11,000503,1
2020-03-03,000503,1
2020-07-01,000503,1
2020-07-21,000503,1
2021-03-31,000503,1
2021-04-09,000503,1
2021-12-01,000503,1
2021-12-02,000503,2
2021-12-06,000503,1
2021-12-14,000503,1
2021-12-16,000503,1
2021-12-22,000503,1
2021-12-30,000503,1
2022-02-10,000503,1
2022-02-21,000503,1
2022-05-06,000503,1
2022-08-11,000503,1
2022-08-12,000503,2
2022-09-09,000503,1
2022-10-14,000503,1
2022-11-10,000503,1
2023-04-06,000503,1
2023-05-08,000503,1
2023-05-29,000503,1
2015-03-31,000504,1
2015-04-07,000504,1
2015-04-09,000504,1
2015-05-21,000504,1
2015-05-22,000504,2
2015-05-26,000504,1
2015-05-27,000504,2
2015-06-01,000504,1
2015-06-10,000504,1
2015-08-17,000504,1
2015-08-18,000504,2
2015-08-19,000504,3
2015-08-28,000504,1
2015-10-19,000504,1
2015-10-22,000504,1
2015-10-23,000504,2
2015-11-09,000504,1
2015-12-30,000504,1
2017-05-24,000504,1
2017-06-06,000504,1
2017-12-13,000504,1
2017-12-14,000504,2
2018-09-21,000504,1
2018-09-25,000504,2
2019-03-20,000504,1
2019-03-21,000504,2
2021-06-01,000504,1
2021-07-12,000504,1
2021-09-13,000504,1
2021-12-10,000504,1
2022-03-21,000504,1
2022-05-30,000504,1
2022-10-13,000504,1
2022-10-14,000504,2
2023-03-22,000504,1
2023-04-14,000504,1
2023-05-26,000504,1
2014-05-19,000505,1
2014-05-21,000505,1
2014-05-22,000505,2
2014-06-16,000505,1
2014-06-24,000505,1
2014-07-11,000505,1
2014-09-23,000505,1
2015-03-17,000505,1
2015-04-09,000505,1
2015-04-21,000505,1
2015-04-30,000505,1
2015-05-27,000505,1
2015-06-12,000505,1
2015-07-09,000505,1
2015-07-10,000505,2
2015-07-13,000505,3
2015-07-23,000505,1
2015-08-04,000505,1
2015-08-17,000505,1
2015-08-19,000505,1
2015-09-16,000505,1
2015-10-22,000505,1
2015-11-23,000505,1
2016-02-01,000505,1
2016-02-02,000505,2
2016-02-03,000505,3
2016-02-04,000505,4
2016-02-17,000505,1
2016-03-02,000505,1
2016-03-03,000505,2
2016-04-21,000505,1
2017-06-08,000505,1
2018-01-29,000505,1
2018-01-30,000505,2
2018-02-14,000505,1
2018-04-03,000505,1
2018-04-16,000505,1
2018-09-28,000505,1
2018-10-08,000505,2
2018-10-15,000505,1
2018-10-30,000505,1
2019-05-07,000505,1
2019-05-08,000505,2
2019-05-17,000505,1
2019-06-05,000505,1
2019-06-11,000505,1
2019-11-28,000505,1
2020-03-26,000505,1
2020-03-30,000505,1
2020-03-31,000505,2
2020-04-07,000505,1
2020-04-08,000505,2
2020-04-22,000505,1
2020-04-23,000505,2
2020-07-13,000505,1
2020-08-13,000505,1
2020-08-17,000505,1
2020-08-18,000505,2
2020-08-19,000505,3
2020-08-24,000505,1
2020-09-10,000505,1
2020-09-24,000505,1
2021-03-03,000505,1
2021-11-02,000505,1
2022-03-11,000505,1
2022-03-21,000505,1
2022-03-22,000505,2
2022-03-24,000505,1
2022-03-25,000505,2
2022-03-28,000505,3
2022-03-29,000505,4
2022-04-13,000505,1
2022-05-23,000505,1
2014-06-23,000506,1
2015-06-03,000506,1
2015-06-04,000506,2
2015-06-05,000506,3
2015-06-08,000506,4
2015-06-09,000506,5
2015-06-10,000506,6
2015-06-11,000506,7
2015-06-12,000506,8
2015-06-15,000506,9
2015-06-17,000506,1
2015-07-14,000506,1
2015-08-07,000506,1
2015-08-10,000506,2
2015-08-28,000506,1
2015-12-23,000506,1
2016-07-06,000506,1
2016-07-07,000506,2
2016-12-26,000506,1
2016-12-27,000506,2
2016-12-29,000506,1
2017-02-20,000506,1
2018-07-12,000506,1
2018-07-25,000506,1
2018-07-26,000506,2
2018-08-03,000506,1
2019-01-18,000506,1
2019-03-21,000506,1
2019-04-11,000506,1
2019-05-14,000506,1
2019-06-18,000506,1
2019-11-20,000506,1
2020-02-24,000506,1
2020-03-24,000506,1
2020-07-09,000506,1
2020-07-27,000506,1
2020-08-06,000506,1
2021-07-14,000506,1
2021-07-15,000506,2
2021-07-16,000506,3
2021-07-19,000506,4
2021-07-20,000506,5
2021-07-21,000506,6
2021-07-23,000506,1
2021-07-27,000506,1
2021-08-23,000506,1
2021-08-26,000506,1
2021-09-28,000506,1
2021-12-10,000506,1
2022-01-04,000506,1
2022-03-09,000506,1
2022-04-29,000506,1
2022-05-05,000506,2
2022-05-06,000506,3
2022-05-10,000506,1
2022-08-10,000506,1
2022-09-22,000506,1
2023-03-14,000506,1
2023-03-15,000506,2
2023-03-16,000506,3
2023-03-17,000506,4
2023-03-20,000506,5
2023-04-14,000506,1
2014-09-02,000507,1
2014-10-29,000507,1
2014-11-12,000507,1
2014-12-08,000507,1
2014-12-10,000507,1
2015-04-17,000507,1
2015-04-20,000507,2
2015-07-14,000507,1
2015-07-17,000507,1
2015-10-13,000507,1
2015-10-29,000507,1
2017-02-17,000507,1
2017-03-29,000507,1
2017-04-11,000507,1
2017-04-12,000507,2
2017-04-13,000507,3
2017-05-12,000507,1
2017-06-07,000507,1
2017-06-08,000507,2
2017-06-13,000507,1
2019-02-19,000507,1
2021-07-23,000507,1
2021-08-03,000507,1
2021-09-03,000507,1
2022-05-16,000507,1
2022-08-25,000507,1
2014-06-13,000509,1
2014-06-19,000509,1
2014-06-25,000509,1
2014-06-26,000509,2
2014-06-27,000509,3
2014-08-12,000509,1
2014-08-13,000509,2
2014-08-15,000509,1
2014-09-05,000509,1
2014-12-24,000509,1
2015-02-02,000509,1
2015-04-02,000509,1
2015-04-29,000509,1
2015-05-11,000509,1
2015-06-01,000509,1
2015-06-02,000509,2
2015-06-12,000509,1
2015-07-14,000509,1
2015-07-17,000509,1
2015-08-19,000509,1
2015-09-08,000509,1
2015-09-11,000509,1
2015-09-16,000509,1
2015-11-16,000509,1
2016-01-18,000509,1
2016-02-16,000509,1
2016-06-29,000509,1
2016-08-09,000509,1
2018-07-25,000509,1
2018-07-26,000509,2
2018-07-27,000509,3
2018-07-30,000509,4
2018-08-01,000509,1
2018-08-02,000509,2
2018-08-06,000509,1
2018-08-15,000509,1
2018-10-12,000509,1
2018-10-16,000509,1
2018-10-22,000509,1
2018-11-08,000509,1
2018-11-09,000509,2
2019-01-04,000509,1
2019-04-09,000509,1
2019-04-10,000509,2
2019-04-16,000509,1
2019-04-18,000509,1
2019-06-18,000509,1
2019-08-01,000509,1
2019-11-20,000509,1
2019-12-02,000509,1
2020-02-05,000509,1
2020-02-27,000509,1
2022-10-18,000509,1
2022-10-19,000509,2
2022-10-20,000509,3
2023-02-02,000509,1
2023-02-06,000509,1
2014-02-21,000510,1
2014-03-14,000510,1
2014-06-18,000510,1
2016-08-11,000510,1
2016-11-03,000510,1
2016-11-07,000510,1
2016-11-08,000510,2
2016-11-09,000510,3
2016-11-10,000510,4
2016-12-09,000510,1
2016-12-14,000510,1
2017-02-07,000510,1
2017-06-14,000510,1
2018-07-03,000510,1
2018-07-04,000510,2
2018-08-07,000510,1
2019-04-19,000510,1
2019-07-05,000510,1
2019-12-24,000510,1
2020-01-08,000510,1
2020-02-21,000510,1
2020-02-28,000510,1
2020-07-15,000510,1
2021-07-19,000510,1
2021-08-24,000510,1
2022-01-25,000510,1
2022-05-12,000510,1
2022-09-20,000510,1
2015-04-10,000513,1
2015-05-21,000513,1
2015-06-12,000513,1
2015-07-16,000513,1
2015-07-17,000513,2
2015-11-12,000513,1
2022-03-21,000513,1
2014-03-04,000514,1
2014-03-06,000514,1
2014-04-30,000514,1
2014-09-17,000514,1
2014-10-27,000514,1
2014-11-26,000514,1
2015-03-25,000514,1
2015-03-26,000514,2
2015-03-27,000514,3
2015-07-09,000514,1
2015-07-10,000514,2
2015-07-13,000514,3
2015-07-20,000514,1
2015-08-13,000514,1
2015-08-28,000514,1
2015-09-16,000514,1
2015-12-08,000514,1
2015-12-21,000514,1
2016-01-06,000514,1
2016-02-23,000514,1
2016-02-24,000514,2
2016-02-26,000514,1
2016-12-13,000514,1
2016-12-15,000514,1
2017-07-13,000514,1
2018-01-05,000514,1
2018-03-07,000514,1
2018-05-02,000514,1
2018-07-26,000514,1
2019-04-08,000514,1
2019-04-09,000514,2
2019-04-10,000514,3
2019-04-11,000514,4
2019-12-31,000514,1
2020-07-14,000514,1
2021-12-15,000514,1
2021-12-16,000514,2
2021-12-17,000514,3
2021-12-20,000514,4
2021-12-21,000514,5
2022-02-18,000514,1
2022-03-28,000514,1
2022-03-29,000514,2
2022-03-30,000514,3
2022-03-31,000514,4
2022-04-13,000514,1
2022-04-14,000514,2
2022-04-15,000514,3
2022-04-20,000514,1
2022-04-28,000514,1
2022-05-09,000514,1
2022-05-13,000514,1
2022-11-29,000514,1
2014-07-14,000516,1
2014-12-05,000516,1
2014-12-10,000516,1
2015-01-14,000516,1
2015-03-04,000516,1
2015-04-10,000516,1
2015-05-21,000516,1
2015-07-13,000516,1
2015-07-14,000516,2
2015-07-17,000516,1
2015-07-20,000516,2
2015-07-29,000516,1
2015-08-04,000516,1
2015-09-08,000516,1
2015-09-16,000516,1
2015-09-21,000516,1
2015-10-22,000516,1
2015-10-23,000516,2
2015-10-27,000516,1
2016-07-07,000516,1
2018-04-17,000516,1
2020-07-06,000516,1
2020-07-09,000516,1
2020-07-13,000516,1
2020-07-21,000516,1
2020-08-10,000516,1
2020-10-29,000516,1
2021-03-26,000516,1
2021-04-01,000516,1
2021-05-11,000516,1
2021-09-17,000516,1
2021-10-21,000516,1
2022-04-28,000516,1
2022-04-29,000516,2
2022-11-14,000516,1
2023-04-07,000516,1
2014-08-22,000517,1
2014-11-28,000517,1
2015-03-30,000517,1
2015-03-31,000517,2
2015-04-03,000517,1
2015-04-07,000517,2
2015-04-08,000517,3
2015-04-09,000517,4
2015-04-16,000517,1
2015-04-17,000517,2
2015-04-20,000517,3
2015-06-04,000517,1
2015-06-05,000517,2
2015-07-20,000517,1
2015-07-21,000517,2
2015-07-29,000517,1
2015-07-31,000517,1
2015-08-04,000517,1
2015-09-09,000517,1
2015-09-14,000517,1
2015-10-08,000517,1
2015-10-09,000517,2
2015-11-23,000517,1
2015-11-25,000517,1
2015-11-26,000517,2
2016-02-03,000517,1
2018-01-05,000517,1
2018-01-08,000517,2
2018-01-09,000517,3
2018-01-10,000517,4
2018-01-12,000517,1
2018-02-28,000517,1
2018-03-29,000517,1
2018-10-25,000517,1
2018-10-26,000517,2
2018-10-29,000517,3
2018-12-19,000517,1
2019-02-27,000517,1
2019-03-20,000517,1
2019-05-07,000517,1
2019-09-04,000517,1
2020-08-27,000517,1
2020-08-28,000517,2
2020-08-31,000517,3
2020-11-17,000517,1
2020-11-30,000517,1
2021-02-25,000517,1
2021-12-21,000517,1
2022-02-11,000517,1
2022-03-18,000517,1
2022-03-21,000517,2
2022-03-22,000517,3
2022-03-23,000517,4
2022-04-08,000517,1
2022-05-05,000517,1
2022-05-13,000517,1
2022-05-16,000517,2
2022-05-24,000517,1
2022-11-11,000517,1
2023-05-04,000517,1
2014-07-03,000518,1
2014-10-15,000518,1
2014-10-16,000518,2
2014-10-20,000518,1
2015-07-31,000518,1
2015-08-03,000518,2
2015-09-11,000518,1
2015-09-18,000518,1
2015-10-15,000518,1
2016-10-10,000518,1
2016-10-25,000518,1
2018-03-07,000518,1
2018-07-26,000518,1
2018-11-08,000518,1
2019-02-11,000518,1
2019-02-12,000518,2
2019-02-13,000518,3
2019-02-14,000518,4
2019-02-15,000518,5
2019-02-26,000518,1
2019-04-10,000518,1
2019-04-11,000518,2
2019-05-08,000518,1
2019-06-17,000518,1
2019-08-21,000518,1
2019-12-31,000518,1
2020-01-20,000518,1
2020-01-21,000518,2
2020-01-22,000518,3
2020-01-23,000518,4
2020-02-03,000518,5
2020-02-04,000518,6
2020-02-05,000518,7
2020-02-06,000518,8
2020-02-25,000518,1
2020-06-15,000518,1
2020-07-29,000518,1
2020-07-30,000518,2
2020-07-31,000518,3
2020-12-17,000518,1
2021-04-26,000518,1
2022-01-12,000518,1
2022-04-14,000518,1
2022-04-18,000518,1
2022-05-09,000518,1
2022-10-14,000518,1
2014-08-04,000519,1
2014-08-19,000519,1
2015-12-30,000519,1
2016-01-05,000519,1
2016-01-06,000519,2
2016-02-22,000519,1
2016-06-28,000519,1
2016-07-08,000519,1
2016-07-11,000519,2
2017-12-07,000519,1
2018-03-12,000519,1
2018-04-11,000519,1
2019-08-22,000519,1
2020-01-08,000519,1
2020-04-08,000519,1
2020-07-08,000519,1
2021-01-12,000519,1
2021-05-10,000519,1
2021-07-15,000519,1
2021-08-13,000519,1
2021-08-24,000519,1
2021-09-15,000519,1
2021-10-13,000519,1
2022-07-01,000519,1
2016-01-05,000520,1
2016-02-16,000520,1
2016-02-17,000520,2
2016-04-05,000520,1
2016-04-06,000520,2
2016-05-03,000520,1
2016-10-11,000520,1
2017-01-12,000520,1
2018-03-09,000520,1
2018-06-25,000520,1
2018-08-03,000520,1
2019-03-28,000520,1
2019-04-03,000520,1
2020-02-21,000520,1
2020-12-25,000520,1
2021-04-07,000520,1
2021-09-07,000520,1
2021-09-13,000520,1
2021-10-11,000520,1
2022-01-19,000520,1
2022-02-25,000520,1
2022-08-22,000520,1
2022-08-23,000520,2
2022-08-25,000520,1
2022-09-21,000520,1
2023-02-17,000520,1
2014-01-21,000521,1
2014-02-17,000521,1
2014-02-18,000521,2
2014-02-27,000521,1
2015-07-09,000521,1
2015-07-10,000521,2
2015-07-13,000521,3
2015-11-19,000521,1
2015-11-20,000521,2
2016-03-07,000521,1
2017-06-26,000521,1
2018-11-26,000521,1
2018-11-27,000521,2
2019-01-09,000521,1
2019-03-15,000521,1
2019-04-09,000521,1
2020-03-09,000521,1
2020-07-27,000521,1
2020-07-30,000521,1
2020-12-09,000521,1
2020-12-10,000521,2
2020-12-11,000521,3
2020-12-15,000521,1
2020-12-22,000521,1
2020-12-23,000521,2
2020-12-24,000521,3
2020-12-28,000521,1
2020-12-31,000521,1
2021-01-06,000521,1
2021-03-15,000521,1
2022-06-01,000521,1
2022-06-02,000521,2
2022-07-15,000521,1
2022-07-19,000521,1
2022-09-27,000521,1
2022-09-29,000521,1
2023-04-17,000521,1
2023-04-25,000521,1
2014-12-29,000523,1
2015-05-22,000523,1
2015-05-25,000523,2
2015-06-01,000523,1
2015-06-12,000523,1
2015-07-14,000523,1
2015-07-20,000523,1
2015-08-04,000523,1
2015-08-10,000523,1
2015-08-14,000523,1
2015-08-17,000523,2
2015-08-27,000523,1
2015-08-28,000523,2
2015-09-08,000523,1
2015-09-16,000523,1
2015-10-16,000523,1
2016-02-04,000523,1
2019-04-30,000523,1
2019-05-07,000523,1
2019-05-14,000523,1
2019-05-15,000523,2
2019-08-08,000523,1
2019-11-20,000523,1
2019-12-11,000523,1
2019-12-12,000523,2
2020-08-13,000523,1
2020-11-16,000523,1
2020-11-17,000523,2
2020-12-30,000523,1
2020-12-31,000523,2
2021-02-19,000523,1
2021-02-24,000523,1
2021-03-18,000523,1
2021-03-25,000523,1
2021-04-07,000523,1
2022-05-30,000523,1
2022-05-31,000523,2
2022-06-01,000523,3
2022-11-17,000523,1
2022-11-22,000523,1
2022-12-16,000523,1
2022-12-26,000523,1
2023-05-15,000523,1
2014-08-15,000524,1
2014-09-30,000524,1
2014-11-05,000524,1
2015-03-06,000524,1
2015-05-04,000524,1
2015-06-01,000524,1
2015-06-02,000524,2
2015-06-03,000524,3
2015-06-04,000524,4
2015-06-11,000524,1
2015-07-09,000524,1
2015-07-10,000524,2
2015-07-13,000524,3
2015-07-20,000524,1
2015-07-21,000524,2
2015-07-23,000524,1
2015-08-04,000524,1
2015-08-14,000524,1
2015-08-17,000524,2
2015-08-27,000524,1
2015-08-28,000524,2
2015-09-08,000524,1
2015-09-16,000524,1
2016-09-05,000524,1
2016-09-06,000524,2
2016-09-09,000524,1
2016-09-13,000524,1
2016-12-22,000524,1
2017-01-06,000524,1
2018-05-10,000524,1
2018-11-16,000524,1
2020-07-13,000524,1
2020-07-14,000524,2
2020-07-15,000524,3
2020-07-16,000524,4
2020-07-17,000524,5
2020-07-23,000524,1
2020-07-30,000524,1
2020-08-03,000524,1
2020-08-04,000524,2
2020-08-11,000524,1
2020-08-12,000524,2
2020-08-18,000524,1
2020-09-25,000524,1
2022-01-28,000524,1
2022-02-07,000524,2
2022-02-08,000524,3
2022-02-14,000524,1
2022-03-08,000524,1
2022-03-15,000524,1
2022-03-16,000524,2
2022-03-17,000524,3
2022-03-18,000524,4
2022-03-21,000524,5
2022-04-01,000524,1
2022-04-12,000524,1
2022-05-09,000524,1
2022-11-01,000524,1
2022-12-14,000524,1
2014-12-01,000525,1
2015-06-01,000525,1
2015-07-16,000525,1
2015-07-17,000525,2
2016-02-02,000525,1
2016-06-22,000525,1
2016-12-14,000525,1
2017-01-26,000525,1
2018-02-22,000525,1
2019-04-08,000525,1
2019-12-16,000525,1
2020-02-17,000525,1
2020-03-02,000525,1
2020-04-13,000525,1
2020-04-22,000525,1
2020-07-09,000525,1
2020-07-14,000525,1
2021-04-01,000525,1
2014-06-26,000526,1
2014-09-09,000526,1
2015-08-10,000526,1
2015-08-11,000526,2
2015-08-12,000526,3
2015-08-13,000526,4
2015-08-14,000526,5
2015-08-17,000526,6
2015-08-18,000526,7
2015-08-19,000526,8
2015-08-20,000526,9
2015-08-31,000526,1
2015-09-09,000526,1
2015-09-23,000526,1
2015-09-28,000526,1
2015-10-19,000526,1
2015-10-20,000526,2
2015-10-21,000526,3
2015-11-03,000526,1
2015-11-04,000526,2
2015-11-19,000526,1
2015-11-20,000526,2
2016-02-02,000526,1
2016-03-28,000526,1
2018-10-26,000526,1
2018-10-29,000526,2
2018-10-30,000526,3
2018-10-31,000526,4
2018-11-20,000526,1
2019-03-21,000526,1
2019-10-14,000526,1
2019-10-25,000526,1
2020-02-13,000526,1
2020-02-25,000526,1
2020-05-07,000526,1
2020-06-17,000526,1
2020-06-18,000526,2
2020-07-14,000526,1
2020-07-15,000526,2
2020-07-20,000526,1
2020-07-29,000526,1
2020-12-01,000526,1
2021-03-24,000526,1
2021-06-01,000526,1
2021-06-03,000526,1
2021-07-06,000526,1
2021-08-19,000526,1
2021-09-08,000526,1
2021-10-13,000526,1
2021-10-14,000526,2
2021-10-22,000526,1
2021-12-03,000526,1
2021-12-09,000526,1
2022-04-06,000526,1
2022-06-16,000526,1
2022-11-04,000526,1
2022-11-07,000526,2
2022-11-18,000526,1
2022-11-22,000526,1
2023-01-30,000526,1
2023-04-28,000526,1
2023-05-05,000526,1
2023-05-08,000526,2
2023-05-11,000526,1
2023-05-15,000526,1
2023-05-26,000526,1
2023-05-29,000526,2
2023-06-14,000526,1
2014-11-04,000528,1
2014-12-19,000528,1
2014-12-25,000528,1
2015-02-26,000528,1
2015-03-30,000528,1
2015-05-19,000528,1
2015-07-09,000528,1
2015-07-10,000528,2
2015-07-13,000528,3
2015-07-17,000528,1
2018-05-15,000528,1
2021-02-08,000528,1
2021-02-19,000528,1
2014-03-03,000529,1
2014-11-12,000529,1
2015-04-10,000529,1
2015-04-16,000529,1
2015-06-05,000529,1
2015-06-17,000529,1
2015-07-09,000529,1
2015-07-10,000529,2
2015-07-13,000529,3
2015-08-13,000529,1
2016-01-14,000529,1
2016-02-04,000529,1
2016-02-24,000529,1
2016-04-05,000529,1
2016-07-28,000529,1
2016-11-15,000529,1
2018-05-10,000529,1
2019-02-19,000529,1
2019-02-20,000529,2
2019-02-21,000529,3
2019-03-07,000529,1
2019-04-08,000529,1
2019-04-16,000529,1
2019-07-18,000529,1
2019-08-22,000529,1
2019-10-23,000529,1
2020-07-13,000529,1
2021-08-24,000529,1
2022-05-16,000529,1
2022-05-31,000529,1
2022-12-13,000529,1
2022-12-22,000529,1
2022-12-23,000529,2
2022-12-26,000529,3
2014-02-18,000530,1
2014-12-15,000530,1
2015-05-11,000530,1
2015-05-18,000530,1
2015-05-22,000530,1
2015-06-05,000530,1
2015-07-13,000530,1
2015-07-14,000530,2
2015-07-16,000530,1
2015-07-17,000530,2
2015-08-27,000530,1
2015-09-07,000530,1
2015-09-08,000530,2
2015-09-16,000530,1
2016-02-22,000530,1
2017-03-14,000530,1
2018-03-12,000530,1
2018-03-13,000530,2
2018-11-12,000530,1
2018-12-04,000530,1
2019-03-08,000530,1
2019-03-11,000530,2
2019-07-31,000530,1
2020-02-10,000530,1
2020-12-28,000530,1
2020-12-29,000530,2
2021-03-11,000530,1
2021-12-14,000530,1
2021-12-29,000530,1
2021-12-30,000530,2
2021-12-31,000530,3
2022-01-04,000530,4
2022-01-05,000530,5
2022-01-06,000530,6
2022-01-11,000530,1
2022-01-12,000530,2
2022-03-07,000530,1
2022-04-06,000530,1
2022-06-27,000530,1
2022-06-28,000530,2
2022-08-04,000530,1
2022-08-10,000530,1
2022-08-11,000530,2
2022-08-15,000530,1
2022-09-05,000530,1
2022-10-28,000530,1
2014-04-10,000531,1
2014-07-08,000531,1
2014-07-10,000531,1
2014-09-04,000531,1
2014-12-01,000531,1
2015-03-10,000531,1
2015-04-09,000531,1
2015-07-09,000531,1
2015-07-10,000531,2
2015-07-13,000531,3
2016-06-07,000531,1
2016-06-08,000531,2
2017-01-09,000531,1
2017-04-12,000531,1
2017-10-30,000531,1
2018-12-25,000531,1
2019-02-18,000531,1
2019-02-19,000531,2
2019-02-20,000531,3
2019-02-21,000531,4
2019-04-12,000531,1
2019-05-08,000531,1
2020-07-10,000531,1
2020-08-03,000531,1
2021-03-08,000531,1
2021-03-31,000531,1
2021-10-20,000531,1
2021-12-10,000531,1
2021-12-15,000531,1
2022-07-18,000531,1
2022-07-29,000531,1
2022-08-01,000531,2
2014-12-10,000532,1
2015-03-27,000532,1
2015-05-26,000532,1
2015-06-01,000532,1
2015-06-30,000532,1
2015-07-13,000532,1
2015-07-14,000532,2
2015-09-18,000532,1
2015-11-09,000532,1
2015-11-25,000532,1
2015-11-30,000532,1
2015-12-07,000532,1
2016-06-16,000532,1
2016-10-12,000532,1
2016-10-31,000532,1
2018-01-19,000532,1
2018-01-22,000532,2
2018-03-15,000532,1
2018-03-16,000532,2
2018-03-19,000532,3
2018-03-20,000532,4
2018-06-07,000532,1
2018-11-05,000532,1
2018-11-06,000532,2
2018-11-07,000532,3
2018-11-15,000532,1
2019-02-19,000532,1
2019-10-14,000532,1
2019-10-15,000532,2
2019-10-16,000532,3
2019-10-17,000532,4
2020-03-05,000532,1
2020-05-15,000532,1
2021-05-27,000532,1
2021-05-28,000532,2
2021-06-11,000532,1
2021-06-30,000532,1
2022-02-23,000532,1
2022-05-16,000532,1
2022-06-15,000532,1
2023-01-19,000532,1
2023-02-24,000532,1
2015-06-02,000533,1
2015-06-05,000533,1
2015-06-12,000533,1
2015-06-30,000533,1
2015-07-09,000533,1
2015-07-10,000533,2
2015-07-13,000533,3
2015-09-16,000533,1
2015-12-16,000533,1
2016-01-06,000533,1
2016-04-05,000533,1
2016-09-08,000533,1
2018-10-10,000533,1
2018-11-12,000533,1
2018-11-13,000533,2
2018-11-14,000533,3
2018-11-15,000533,4
2019-01-02,000533,1
2019-01-03,000533,2
2019-01-04,000533,3
2019-01-17,000533,1
2019-02-19,000533,1
2019-03-11,000533,1
2019-04-23,000533,1
2019-04-30,000533,1
2019-08-28,000533,1
2019-10-10,000533,1
2019-10-11,000533,2
2019-10-14,000533,3
2019-10-15,000533,4
2020-03-10,000533,1
2020-03-11,000533,2
2020-04-09,000533,1
2021-03-09,000533,1
2021-09-29,000533,1
2021-11-17,000533,1
2021-11-19,000533,1
2021-12-14,000533,1
2021-12-15,000533,2
2021-12-16,000533,3
2021-12-17,000533,4
2021-12-23,000533,1
2022-01-10,000533,1
2022-02-21,000533,1
2022-03-31,000533,1
2022-04-01,000533,2
2022-05-05,000533,1
2022-07-08,000533,1
2022-07-11,000533,2
2022-07-18,000533,1
2022-07-21,000533,1
2022-08-01,000533,1
2022-08-23,000533,1
2015-04-02,000534,1
2015-04-03,000534,2
2015-04-13,000534,1
2016-03-03,000534,1
2016-03-29,000534,1
2016-03-30,000534,2
2016-03-31,000534,3
2016-05-18,000534,1
2016-05-31,000534,1
2016-10-12,000534,1
2016-10-13,000534,2
2017-09-04,000534,1
2019-09-16,000534,1
2020-02-06,000534,1
2020-02-17,000534,1
2020-08-03,000534,1
2020-08-17,000534,1
2020-08-27,000534,1
2021-01-18,000534,1
2021-08-10,000534,1
2021-11-19,000534,1
2022-03-25,000534,1
2022-06-22,000534,1
2022-07-18,000534,1
2014-08-20,000536,1
2014-08-21,000536,2
2014-09-19,000536,1
2015-03-18,000536,1
2015-06-03,000536,1
2015-07-14,000536,1
2015-10-08,000536,1
2016-05-27,000536,1
2017-08-16,000536,1
2018-11-12,000536,1
2018-12-26,000536,1
2019-01-11,000536,1
2019-02-13,000536,1
2019-02-14,000536,2
2019-02-19,000536,1
2019-02-20,000536,2
2019-02-21,000536,3
2019-02-22,000536,4
2019-02-25,000536,5
2019-03-01,000536,1
2019-04-17,000536,1
2019-04-24,000536,1
2019-07-01,000536,1
2019-07-03,000536,1
2019-07-10,000536,1
2019-07-16,000536,1
2019-07-17,000536,2
2019-08-14,000536,1
2019-09-27,000536,1
2019-11-26,000536,1
2020-02-20,000536,1
2020-04-21,000536,1
2020-04-22,000536,2
2021-11-15,000536,1
2022-06-20,000536,1
2022-08-12,000536,1
2022-08-15,000536,2
2023-02-10,000536,1
2023-02-15,000536,1
2014-02-25,000537,1
2014-03-20,000537,1
2015-07-09,000537,1
2015-07-10,000537,2
2015-07-13,000537,3
2015-07-17,000537,1
2015-07-29,000537,1
2016-03-02,000537,1
2016-07-20,000537,1
2017-08-25,000537,1
2018-01-23,000537,1
2019-12-20,000537,1
2021-09-06,000537,1
2021-09-07,000537,2
2021-09-08,000537,3
2021-09-09,000537,4
2021-09-10,000537,5
2021-09-13,000537,6
2021-09-14,000537,7
2021-09-15,000537,8
2021-09-16,000537,9
2021-09-17,000537,10
2021-09-22,000537,11
2021-09-23,000537,12
2021-09-24,000537,13
2021-09-28,000537,1
2021-10-19,000537,1
2021-10-27,000537,1
2021-11-12,000537,1
2021-11-22,000537,1
2021-12-06,000537,1
2021-12-08,000537,1
2022-07-18,000537,1
2022-07-19,000537,2
2022-07-20,000537,3
2022-10-27,000537,1
2014-03-07,000538,1
2014-10-08,000538,1
2015-06-15,000538,1
2015-06-23,000538,1
2015-07-09,000538,1
2016-12-30,000538,1
2018-05-07,000538,1
2019-10-14,000538,1
2020-07-03,000538,1
2021-01-04,000538,1
2021-01-05,000538,2
2021-02-08,000538,1
2015-05-04,000539,1
2015-06-05,000539,1
2015-08-31,000539,1
2015-09-02,000539,1
2017-04-12,000539,1
2020-05-27,000539,1
2021-07-27,000539,1
2021-09-22,000539,1
2021-09-30,000539,1
2021-10-20,000539,1
2021-11-09,000539,1
2021-12-03,000539,1
2022-02-09,000539,1
2022-02-25,000539,1
2022-07-08,000539,1
2022-09-08,000539,1
2022-10-21,000539,1
2023-02-10,000539,1
2023-05-12,000539,1
2014-01-06,000541,1
2014-04-01,000541,1
2015-03-26,000541,1
2015-07-09,000541,1
2015-07-10,000541,2
2015-07-13,000541,3
2015-08-04,000541,1
2015-08-05,000541,2
2015-08-19,000541,1
2015-09-10,000541,1
2015-10-13,000541,1
2020-05-20,000541,1
2020-05-22,000541,1
2020-05-27,000541,1
2022-07-20,000541,1
2022-07-28,000541,1
2023-01-31,000541,1
2015-05-25,000543,1
2018-03-07,000543,1
2021-12-23,000543,1
2022-07-04,000543,1
2022-08-08,000543,1
2023-06-26,000543,1
2015-02-13,000544,1
2015-02-16,000544,2
2015-02-17,000544,3
2015-04-29,000544,1
2015-05-26,000544,1
2015-06-08,000544,1
2015-07-14,000544,1
2015-07-15,000544,2
2015-08-04,000544,1
2015-09-16,000544,1
2015-11-04,000544,1
2019-04-24,000544,1
2019-06-20,000544,1
2019-06-27,000544,1
2019-06-28,000544,2
2019-07-01,000544,3
2019-08-21,000544,1
2020-02-07,000544,1
2021-03-31,000544,1
2022-07-14,000544,1
2022-07-15,000544,2
2022-07-18,000544,3
2022-07-19,000544,4
2014-05-12,000545,1
2015-05-15,000545,1
2015-10-14,000545,1
2015-12-22,000545,1
2015-12-24,000545,1
2016-03-02,000545,1
2016-04-15,000545,1
2017-03-01,000545,1
2019-01-22,000545,1
2020-02-14,000545,1
2020-11-11,000545,1
2020-11-12,000545,2
2020-11-13,000545,3
2020-11-16,000545,4
2020-11-17,000545,5
2020-11-18,000545,6
2020-11-19,000545,7
2021-02-09,000545,1
2021-02-10,000545,2
2021-03-03,000545,1
2021-03-04,000545,2
2021-04-21,000545,1
2021-06-09,000545,1
2021-08-26,000545,1
2021-09-15,000545,1
2022-03-29,000545,1
2022-03-30,000545,2
2022-03-31,000545,3
2022-07-05,000545,1
2022-07-11,000545,1
2022-07-20,000545,1
2015-05-21,000546,1
2015-06-01,000546,1
2015-07-15,000546,1
2015-07-16,000546,2
2015-07-17,000546,3
2015-07-20,000546,4
2015-09-16,000546,1
2015-11-25,000546,1
2017-02-22,000546,1
2017-02-23,000546,2
2017-07-19,000546,1
2017-11-27,000546,1
2020-05-11,000546,1
2021-05-12,000546,1
2021-08-27,000546,1
2021-09-22,000546,1
2021-09-24,000546,1
2021-09-27,000546,2
2021-10-11,000546,1
2021-10-15,000546,1
2021-11-08,000546,1
2021-11-09,000546,2
2021-11-10,000546,3
2021-11-11,000546,4
2021-11-29,000546,1
2021-12-28,000546,1
2022-01-05,000546,1
2022-01-06,000546,2
2022-02-17,000546,1
2022-05-26,000546,1
2022-06-13,000546,1
2022-07-01,000546,1
2022-07-07,000546,1
2022-11-04,000546,1
2022-12-19,000546,1
2014-03-03,000547,1
2014-09-22,000547,1
2014-09-23,000547,2
2014-09-24,000547,3
2014-09-25,000547,4
2014-09-26,000547,5
2014-09-29,000547,6
2014-09-30,000547,7
2014-10-08,000547,8
2014-10-09,000547,9
2014-10-10,000547,10
2014-12-12,000547,1
2015-01-22,000547,1
2015-04-17,000547,1
2015-05-11,000547,1
2015-05-20,000547,1
2015-07-13,000547,1
2015-07-14,000547,2
2015-07-16,000547,1
2015-07-17,000547,2
2015-07-20,000547,3
2015-07-22,000547,1
2015-07-29,000547,1
2015-08-04,000547,1
2015-08-28,000547,1
2015-09-21,000547,1
2015-10-26,000547,1
2015-10-27,000547,2
2015-11-04,000547,1
2015-11-19,000547,1
2016-01-22,000547,1
2017-01-03,000547,1
2017-08-04,000547,1
2017-08-07,000547,2
2018-04-02,000547,1
2019-01-07,000547,1
2019-03-25,000547,1
2019-08-30,000547,1
2019-09-02,000547,2
2020-01-20,000547,1
2020-02-17,000547,1
2020-04-02,000547,1
2020-07-08,000547,1
2020-07-09,000547,2
2020-08-03,000547,1
2020-09-01,000547,1
2021-12-16,000547,1
2022-05-26,000547,1
2022-08-01,000547,1
2022-08-02,000547,2
2014-03-25,000548,1
2014-03-27,000548,1
2014-12-12,000548,1
2014-12-18,000548,1
2015-04-07,000548,1
2015-05-19,000548,1
2015-05-21,000548,1
2015-06-03,000548,1
2015-06-05,000548,1
2015-06-11,000548,1
2015-07-09,000548,1
2015-07-10,000548,2
2015-07-13,000548,3
2015-07-21,000548,1
2015-07-29,000548,1
2015-08-04,000548,1
2015-08-17,000548,1
2015-10-12,000548,1
2016-02-24,000548,1
2016-03-02,000548,1
2016-04-06,000548,1
2017-02-16,000548,1
2017-02-17,000548,2
2018-07-26,000548,1
2018-08-01,000548,1
2018-11-14,000548,1
2020-09-21,000548,1
2020-09-22,000548,2
2020-09-23,000548,3
2022-04-06,000548,1
2022-04-27,000548,1
2022-04-29,000548,1
2022-05-12,000548,1
2022-05-13,000548,2
2022-05-16,000548,3
2022-05-17,000548,4
2022-07-12,000548,1
2022-07-13,000548,2
2022-07-19,000548,1
2022-12-13,000548,1
2022-12-30,000548,1
2023-01-17,000548,1
2014-05-30,000550,1
2015-01-05,000550,1
2015-01-12,000550,1
2015-06-23,000550,1
2015-07-09,000550,1
2015-07-10,000550,2
2015-08-03,000550,1
2015-09-02,000550,1
2016-02-22,000550,1
2018-01-16,000550,1
2018-01-17,000550,2
2019-01-07,000550,1
2019-07-09,000550,1
2019-09-06,000550,1
2020-10-28,000550,1
2020-10-29,000550,2
2020-11-02,000550,1
2020-11-09,000550,1
2020-12-18,000550,1
2020-12-21,000550,2
2021-02-02,000550,1
2021-02-24,000550,1
2021-03-08,000550,1
2021-03-12,000550,1
2021-03-29,000550,1
2021-03-30,000550,2
2021-07-09,000550,1
2021-08-04,000550,1
2022-05-13,000550,1
2022-05-30,000550,1
2022-07-04,000550,1
2022-07-06,000550,1
2022-07-07,000550,2
2022-07-08,000550,3
2022-07-21,000550,1
2023-05-10,000550,1
2014-03-03,000551,1
2015-03-02,000551,1
2015-06-02,000551,1
2015-07-14,000551,1
2015-07-15,000551,2
2015-07-29,000551,1
2015-09-16,000551,1
2015-10-23,000551,1
2016-07-07,000551,1
2017-06-05,000551,1
2019-04-22,000551,1
2020-05-20,000551,1
2020-05-21,000551,2
2020-05-22,000551,3
2020-05-25,000551,4
2020-05-26,000551,5
2020-07-23,000551,1
2020-11-03,000551,1
2021-07-08,000551,1
2021-07-09,000551,2
2021-07-14,000551,1
2021-07-19,000551,1
2021-08-06,000551,1
2021-09-03,000551,1
2021-09-06,000551,2
2022-08-10,000551,1
2022-08-11,000551,2
2022-08-26,000551,1
2022-09-05,000551,1
2014-05-12,000552,1
2015-01-05,000552,1
2015-05-27,000552,1
2015-06-01,000552,1
2015-06-30,000552,1
2015-07-15,000552,1
2015-08-03,000552,1
2015-09-22,000552,1
2016-01-06,000552,1
2016-01-08,000552,1
2016-02-02,000552,1
2018-02-05,000552,1
2020-09-08,000552,1
2020-10-12,000552,1
2020-12-18,000552,1
2021-09-28,000552,1
2021-10-08,000552,1
2021-12-16,000552,1
2021-12-17,000552,2
2021-12-21,000552,1
2022-01-04,000552,1
2022-04-27,000552,1
2015-05-21,000553,1
2015-05-22,000553,2
2015-06-08,000553,1
2015-07-09,000553,1
2015-07-10,000553,2
2015-07-13,000553,3
2016-10-17,000553,1
2016-10-18,000553,2
2016-10-19,000553,3
2016-10-20,000553,4
2016-10-21,000553,5
2016-11-01,000553,1
2016-12-19,000553,1
2017-01-05,000553,1
2017-05-15,000553,1
2017-06-02,000553,1
2019-04-08,000553,1
2019-05-16,000553,1
2020-02-17,000553,1
2020-04-13,000553,1
2021-06-22,000553,1
2022-04-28,000553,1
2022-05-16,000553,1
2014-02-19,000554,1
2014-02-20,000554,2
2014-02-26,000554,1
2014-02-27,000554,2
2014-05-13,000554,1
2014-06-03,000554,1
2014-07-30,000554,1
2014-09-22,000554,1
2015-04-15,000554,1
2015-04-27,000554,1
2015-05-27,000554,1
2015-06-24,000554,1
2015-06-29,000554,1
2015-07-09,000554,1
2015-07-10,000554,2
2015-07-22,000554,1
2015-08-28,000554,1
2015-08-31,000554,2
2015-09-09,000554,1
2015-09-16,000554,1
2015-10-15,000554,1
2016-02-26,000554,1
2016-11-21,000554,1
2017-01-05,000554,1
2017-08-18,000554,1
2018-12-10,000554,1
2020-01-06,000554,1
2020-04-02,000554,1
2020-04-07,000554,1
2020-06-02,000554,1
2021-09-28,000554,1
2021-12-24,000554,1
2022-01-05,000554,1
2022-01-06,000554,2
2022-02-24,000554,1
2022-05-27,000554,1
2022-06-09,000554,1
2022-06-14,000554,1
2014-07-23,000555,1
2014-07-24,000555,2
2014-07-29,000555,1
2014-09-23,000555,1
2014-11-25,000555,1
2014-12-12,000555,1
2015-01-13,000555,1
2015-01-20,000555,1
2015-02-17,000555,1
2015-03-16,000555,1
2015-04-02,000555,1
2015-05-11,000555,1
2015-05-12,000555,2
2015-05-13,000555,3
2015-05-14,000555,4
2015-05-20,000555,1
2015-06-30,000555,1
2015-07-15,000555,1
2015-07-17,000555,1
2015-09-08,000555,1
2015-09-09,000555,2
2015-09-16,000555,1
2015-09-21,000555,1
2015-09-28,000555,1
2015-11-09,000555,1
2015-12-11,000555,1
2015-12-14,000555,2
2015-12-15,000555,3
2015-12-17,000555,1
2016-01-18,000555,1
2016-02-02,000555,1
2016-02-16,000555,1
2016-12-15,000555,1
2018-03-16,000555,1
2018-03-19,000555,2
2018-03-20,000555,3
2018-03-21,000555,4
2018-03-22,000555,5
2018-04-25,000555,1
2018-06-26,000555,1
2018-06-27,000555,2
2018-06-29,000555,1
2019-01-15,000555,1
2019-01-16,000555,2
2019-09-02,000555,1
2019-10-22,000555,1
2019-10-28,000555,1
2019-12-25,000555,1
2020-04-07,000555,1
2020-09-01,000555,1
2020-10-12,000555,1
2022-01-17,000555,1
2022-04-26,000555,1
2017-01-24,000557,1
2017-03-30,000557,1
2018-01-22,000557,1
2018-02-08,000557,1
2018-07-27,000557,1
2018-07-30,000557,2
2018-07-31,000557,3
2018-08-01,000557,4
2018-08-24,000557,1
2018-09-18,000557,1
2019-01-09,000557,1
2019-03-18,000557,1
2019-07-29,000557,1
2019-09-04,000557,1
2019-10-16,000557,1
2020-05-18,000557,1
2020-05-19,000557,2
2020-05-20,000557,3
2020-05-21,000557,4
2020-05-22,000557,5
2020-06-01,000557,1
2020-06-05,000557,1
2020-12-29,000557,1
2021-01-05,000557,1
2021-01-29,000557,1
2021-12-16,000557,1
2021-12-20,000557,1
2022-01-10,000557,1
2022-05-31,000557,1
2022-06-20,000557,1
2022-08-24,000557,1
2022-08-25,000557,2
2022-08-26,000557,3
2022-09-01,000557,1
2023-04-28,000557,1
2014-02-11,000558,1
2014-02-28,000558,1
2015-02-26,000558,1
2015-03-02,000558,1
2015-04-07,000558,1
2015-04-09,000558,1
2015-04-23,000558,1
2015-05-14,000558,1
2015-05-22,000558,1
2015-05-25,000558,2
2015-05-27,000558,1
2015-05-29,000558,1
2015-06-01,000558,2
2015-06-02,000558,3
2015-06-03,000558,4
2015-06-09,000558,1
2015-07-21,000558,1
2015-08-13,000558,1
2015-08-14,000558,2
2015-08-17,000558,3
2015-08-18,000558,4
2015-08-19,000558,5
2015-08-28,000558,1
2015-09-08,000558,1
2015-09-10,000558,1
2015-09-11,000558,2
2015-10-09,000558,1
2015-11-10,000558,1
2016-02-16,000558,1
2017-05-08,000558,1
2017-06-02,000558,1
2017-06-07,000558,1
2018-03-12,000558,1
2018-05-28,000558,1
2018-06-11,000558,1
2019-01-25,000558,1
2019-03-11,000558,1
2019-03-12,000558,2
2019-03-27,000558,1
2019-05-15,000558,1
2020-05-06,000558,1
2020-08-10,000558,1
2020-08-14,000558,1
2020-09-18,000558,1
2020-11-27,000558,1
2021-01-19,000558,1
2021-01-20,000558,2
2021-01-21,000558,3
2021-08-04,000558,1
2021-08-05,000558,2
2021-09-01,000558,1
2021-10-14,000558,1
2021-10-18,000558,1
2021-10-29,000558,1
2021-12-28,000558,1
2022-01-04,000558,1
2022-01-05,000558,2
2022-01-06,000558,3
2022-03-23,000558,1
2022-04-29,000558,1
2014-01-24,000559,1
2014-02-10,000559,1
2014-02-11,000559,2
2014-02-17,000559,1
2014-02-18,000559,2
2014-02-19,000559,3
2014-02-26,000559,1
2014-02-28,000559,1
2014-06-13,000559,1
2014-06-27,000559,1
2014-07-03,000559,1
2014-07-14,000559,1
2014-07-22,000559,1
2014-10-09,000559,1
2015-03-24,000559,1
2015-05-18,000559,1
2015-05-26,000559,1
2015-06-03,000559,1
2015-06-04,000559,2
2015-06-11,000559,1
2015-07-09,000559,1
2015-07-10,000559,2
2015-07-13,000559,3
2015-07-14,000559,4
2015-07-17,000559,1
2015-07-29,000559,1
2015-08-04,000559,1
2015-08-06,000559,1
2015-08-13,000559,1
2015-08-19,000559,1
2015-08-27,000559,1
2015-09-08,000559,1
2015-09-16,000559,1
2015-09-18,000559,1
2015-10-08,000559,1
2015-10-19,000559,1
2017-12-29,000559,1
2018-11-02,000559,1
2019-03-07,000559,1
2020-01-08,000559,1
2020-07-20,000559,1
2020-11-20,000559,1
2021-04-02,000559,1
2021-06-24,000559,1
2014-09-30,000560,1
2014-10-08,000560,2
2014-10-09,000560,3
2014-10-10,000560,4
2014-10-13,000560,5
2014-10-14,000560,6
2015-03-02,000560,1
2015-05-21,000560,1
2015-06-08,000560,1
2015-07-24,000560,1
2015-07-27,000560,2
2015-07-28,000560,3
2015-08-04,000560,1
2015-08-28,000560,1
2015-08-31,000560,2
2015-09-16,000560,1
2015-10-16,000560,1
2015-11-05,000560,1
2015-11-06,000560,2
2015-11-11,000560,1
2015-11-16,000560,1
2015-12-07,000560,1
2016-02-03,000560,1
2017-03-24,000560,1
2017-03-27,000560,2
2017-07-26,000560,1
2017-08-29,000560,1
2017-10-13,000560,1
2017-10-17,000560,1
2017-12-21,000560,1
2018-04-09,000560,1
2019-01-28,000560,1
2020-07-06,000560,1
2020-08-03,000560,1
2020-08-04,000560,2
2020-11-17,000560,1
2021-01-19,000560,1
2021-04-16,000560,1
2021-05-14,000560,1
2022-03-17,000560,1
2022-05-13,000560,1
2022-05-19,000560,1
2022-09-15,000560,1
2022-09-20,000560,1
2022-09-21,000560,2
2023-02-02,000560,1
2023-04-03,000560,1
2023-04-07,000560,1
2014-07-02,000561,1
2014-09-04,000561,1
2014-09-23,000561,1
2014-09-24,000561,2
2015-05-08,000561,1
2015-05-26,000561,1
2015-07-09,000561,1
2015-07-10,000561,2
2015-07-13,000561,3
2015-07-14,000561,4
2015-07-29,000561,1
2015-08-04,000561,1
2015-08-28,000561,1
2015-09-16,000561,1
2015-10-27,000561,1
2015-12-28,000561,1
2015-12-29,000561,2
2016-01-05,000561,1
2016-02-15,000561,1
2016-02-16,000561,2
2016-03-07,000561,1
2017-02-06,000561,1
2018-04-26,000561,1
2018-08-20,000561,1
2019-01-03,000561,1
2019-04-02,000561,1
2020-03-10,000561,1
2020-03-11,000561,2
2020-08-03,000561,1
2021-01-12,000561,1
2021-07-19,000561,1
2021-07-20,000561,2
2021-07-21,000561,3
2022-05-30,000561,1
2022-06-28,000561,1
2022-08-08,000561,1
2022-08-09,000561,2
2022-09-02,000561,1
2022-12-02,000561,1
2023-01-16,000561,1
2023-01-30,000561,1
2023-03-14,000561,1
2023-06-28,000561,1
2014-11-03,000563,1
2014-11-27,000563,1
2014-12-04,000563,1
2014-12-16,000563,1
2015-01-21,000563,1
2015-04-01,000563,1
2015-06-08,000563,1
2015-07-09,000563,1
2015-07-10,000563,2
2015-07-13,000563,3
2015-10-08,000563,1
2015-11-04,000563,1
2015-12-21,000563,1
2016-03-30,000563,1
2016-07-28,000563,1
2018-01-17,000563,1
2018-04-12,000563,1
2018-10-22,000563,1
2019-02-18,000563,1
2019-02-19,000563,2
2019-02-22,000563,1
2019-02-25,000563,2
2019-02-26,000563,3
2019-02-27,000563,4
2019-03-20,000563,1
2019-06-20,000563,1
2014-09-29,000564,1
2014-09-30,000564,2
2014-10-08,000564,3
2015-08-05,000564,1
2015-08-06,000564,2
2015-08-07,000564,3
2015-08-10,000564,4
2015-08-11,000564,5
2015-08-12,000564,6
2015-08-13,000564,7
2015-08-14,000564,8
2015-08-17,000564,9
2015-08-18,000564,10
2015-08-27,000564,1
2015-10-12,000564,1
2015-10-15,000564,1
2015-10-16,000564,2
2015-10-20,000564,1
2015-10-22,000564,1
2015-11-20,000564,1
2015-12-08,000564,1
2016-02-03,000564,1
2016-02-16,000564,1
2016-04-06,000564,1
2016-06-16,000564,1
2017-03-01,000564,1
2018-07-23,000564,1
2019-02-25,000564,1
2019-09-27,000564,1
2020-04-21,000564,1
2020-04-22,000564,2
2020-04-23,000564,3
2020-04-24,000564,4
2020-04-27,000564,5
2020-05-13,000564,1
2020-05-14,000564,2
2020-05-18,000564,1
2020-05-19,000564,2
2020-05-26,000564,1
2020-06-01,000564,1
2020-06-02,000564,2
2020-06-03,000564,3
2020-06-04,000564,4
2020-06-12,000564,1
2020-06-30,000564,1
2020-07-10,000564,1
2020-07-13,000564,2
2020-09-21,000564,1
2020-10-12,000564,1
2020-11-05,000564,1
2021-01-19,000564,1
2014-11-26,000565,1
2015-02-10,000565,1
2015-04-15,000565,1
2015-05-21,000565,1
2015-06-05,000565,1
2015-06-08,000565,2
2015-06-09,000565,3
2015-06-11,000565,1
2015-07-09,000565,1
2015-07-10,000565,2
2015-07-13,000565,3
2015-07-14,000565,4
2015-07-16,000565,1
2015-08-10,000565,1
2015-08-13,000565,1
2015-08-27,000565,1
2015-08-28,000565,2
2015-09-14,000565,1
2015-10-09,000565,1
2015-11-04,000565,1
2015-11-20,000565,1
2016-10-12,000565,1
2016-10-13,000565,2
2016-11-03,000565,1
2016-12-21,000565,1
2017-06-29,000565,1
2018-03-23,000565,1
2018-07-18,000565,1
2019-04-08,000565,1
2019-04-10,000565,1
2019-05-13,000565,1
2020-05-07,000565,1
2021-03-17,000565,1
2021-03-19,000565,1
2021-03-31,000565,1
2021-05-18,000565,1
2021-09-15,000565,1
2022-04-28,000565,1
2022-07-28,000565,1
2022-07-29,000565,2
2014-01-14,000566,1
2015-04-01,000566,1
2015-04-10,000566,1
2015-04-30,000566,1
2016-02-16,000566,1
2016-03-02,000566,1
2016-07-26,000566,1
2018-09-28,000566,1
2018-11-19,000566,1
2019-02-12,000566,1
2019-03-13,000566,1
2020-02-06,000566,1
2020-02-17,000566,1
2020-07-13,000566,1
2020-07-14,000566,2
2020-07-15,000566,3
2020-08-06,000566,1
2020-11-06,000566,1
2021-04-06,000566,1
2021-04-09,000566,1
2021-04-12,000566,2
2021-11-10,000566,1
2021-12-23,000566,1
2022-03-14,000566,1
2022-04-01,000566,1
2022-04-06,000566,2
2022-08-08,000566,1
2023-03-31,000566,1
2014-12-24,000567,1
2015-04-21,000567,1
2015-04-22,000567,2
2015-04-24,000567,1
2015-05-12,000567,1
2015-08-28,000567,1
2015-10-30,000567,1
2015-11-02,000567,2
2015-11-03,000567,3
2015-11-04,000567,4
2015-11-05,000567,5
2015-11-09,000567,1
2015-11-23,000567,1
2015-11-26,000567,1
2016-01-08,000567,1
2016-02-17,000567,1
2016-04-06,000567,1
2016-05-26,000567,1
2016-07-04,000567,1
2016-10-11,000567,1
2016-10-12,000567,2
2016-10-13,000567,3
2016-10-21,000567,1
2017-06-26,000567,1
2018-04-16,000567,1
2018-06-25,000567,1
2018-06-29,000567,1
2019-02-25,000567,1
2019-06-20,000567,1
2019-07-30,000567,1
2019-08-01,000567,1
2020-03-20,000567,1
2020-05-27,000567,1
2020-05-28,000567,2
2020-05-29,000567,3
2020-06-01,000567,4
2020-06-02,000567,5
2020-06-03,000567,6
2020-06-08,000567,1
2020-06-11,000567,1
2021-01-28,000567,1
2021-04-01,000567,1
2021-04-08,000567,1
2021-11-26,000567,1
2021-11-29,000567,2
2022-04-01,000567,1
2022-05-05,000567,1
2022-07-14,000567,1
2014-03-13,000568,1
2015-06-23,000568,1
2015-06-24,000568,2
2015-07-09,000568,1
2015-07-10,000568,2
2015-07-13,000568,3
2019-03-18,000568,1
2019-05-15,000568,1
2020-07-01,000568,1
2020-10-29,000568,1
2021-01-25,000568,1
2021-09-27,000568,1
2014-02-13,000570,1
2014-08-20,000570,1
2015-06-01,000570,1
2015-06-11,000570,1
2015-06-24,000570,1
2015-07-09,000570,1
2015-07-10,000570,2
2015-07-13,000570,3
2015-09-24,000570,1
2015-09-28,000570,1
2016-05-19,000570,1
2018-11-12,000570,1
2019-01-24,000570,1
2019-03-18,000570,1
2019-03-19,000570,2
2019-03-20,000570,3
2019-05-08,000570,1
2019-06-20,000570,1
2019-06-24,000570,1
2020-07-17,000570,1
2020-11-10,000570,1
2020-11-11,000570,2
2021-01-07,000570,1
2021-01-08,000570,2
2021-01-11,000570,3
2021-03-03,000570,1
2021-03-04,000570,2
2021-06-17,000570,1
2021-07-29,000570,1
2021-11-22,000570,1
2022-06-14,000570,1
2022-06-17,000570,1
2022-06-23,000570,1
2022-07-22,000570,1
2023-01-10,000570,1
2014-07-24,000571,1
2015-01-05,000571,1
2015-05-27,000571,1
2015-07-14,000571,1
2015-07-15,000571,2
2015-10-12,000571,1
2015-10-13,000571,2
2016-07-19,000571,1
2016-07-20,000571,2
2016-07-21,000571,3
2016-08-03,000571,1
2018-04-16,000571,1
2018-04-17,000571,2
2018-06-04,000571,1
2018-11-14,000571,1
2018-11-15,000571,2
2018-11-28,000571,1
2018-12-11,000571,1
2018-12-12,000571,2
2018-12-17,000571,1
2019-01-17,000571,1
2019-03-15,000571,1
2014-07-03,000572,1
2014-07-14,000572,1
2015-03-25,000572,1
2015-07-09,000572,1
2015-07-10,000572,2
2015-07-13,000572,3
2015-08-17,000572,1
2015-09-28,000572,1
2015-11-13,000572,1
2016-03-23,000572,1
2016-03-24,000572,2
2016-12-22,000572,1
2017-02-21,000572,1
2017-10-09,000572,1
2017-10-10,000572,2
2018-03-16,000572,1
2018-04-09,000572,1
2018-04-16,000572,1
2018-12-03,000572,1
2018-12-10,000572,1
2019-01-09,000572,1
2019-03-06,000572,1
2019-03-20,000572,1
2021-06-08,000572,1
2021-06-23,000572,1
2021-07-21,000572,1
2021-07-22,000572,2
2021-07-23,000572,3
2021-07-26,000572,4
2021-08-02,000572,1
2021-08-04,000572,1
2021-08-16,000572,1
2021-11-24,000572,1
2022-03-29,000572,1
2022-04-08,000572,1
2022-05-24,000572,1
2022-06-01,000572,1
2022-06-08,000572,1
2022-06-10,000572,1
2022-06-28,000572,1
2023-02-22,000572,1
2014-12-16,000573,1
2015-03-20,000573,1
2015-06-03,000573,1
2015-06-05,000573,1
2015-07-09,000573,1
2015-07-10,000573,2
2015-07-13,000573,3
2015-10-15,000573,1
2015-11-09,000573,1
2016-01-06,000573,1
2016-08-08,000573,1
2016-08-12,000573,1
2016-10-26,000573,1
2016-12-16,000573,1
2017-05-25,000573,1
2017-06-02,000573,1
2018-01-09,000573,1
2018-05-24,000573,1
2018-11-14,000573,1
2019-10-09,000573,1
2020-07-03,000573,1
2020-07-06,000573,2
2020-08-03,000573,1
2020-08-04,000573,2
2020-09-28,000573,1
2020-11-23,000573,1
2020-11-24,000573,2
2021-02-03,000573,1
2021-10-12,000573,1
2022-01-21,000573,1
2022-01-24,000573,2
2022-01-27,000573,1
2022-03-28,000573,1
2022-04-06,000573,1
2022-09-02,000573,1
2022-09-05,000573,2
2022-09-06,000573,3
2022-09-07,000573,4
2022-09-08,000573,5
2022-11-25,000573,1
2022-11-28,000573,2
2022-11-29,000573,3
2022-12-01,000573,1
2022-12-05,000573,1
2022-12-06,000573,2
2015-04-17,000576,1
2015-05-08,000576,1
2015-05-14,000576,1
2015-05-19,000576,1
2015-07-09,000576,1
2015-07-10,000576,2
2015-07-13,000576,3
2015-07-14,000576,4
2015-08-04,000576,1
2015-09-16,000576,1
2015-09-29,000576,1
2015-10-14,000576,1
2015-11-10,000576,1
2015-12-18,000576,1
2016-01-14,000576,1
2016-01-15,000576,2
2016-01-18,000576,3
2016-01-19,000576,4
2016-02-03,000576,1
2016-06-14,000576,1
2016-08-17,000576,1
2016-12-15,000576,1
2016-12-16,000576,2
2018-09-03,000576,1
2018-09-04,000576,2
2018-09-07,000576,1
2018-10-10,000576,1
2018-11-06,000576,1
2018-11-21,000576,1
2019-01-15,000576,1
2019-02-28,000576,1
2019-03-04,000576,1
2019-03-05,000576,2
2019-04-09,000576,1
2019-12-27,000576,1
2020-04-07,000576,1
2020-07-06,000576,1
2020-07-08,000576,1
2020-07-09,000576,2
2020-07-10,000576,3
2020-07-29,000576,1
2020-12-30,000576,1
2021-03-15,000576,1
2021-08-10,000576,1
2021-08-20,000576,1
2021-08-23,000576,2
2021-11-02,000576,1
2021-11-30,000576,1
2022-07-20,000576,1
2015-01-08,000581,1
2015-03-02,000581,1
2015-07-14,000581,1
2017-06-26,000581,1
2020-02-17,000581,1
2020-06-04,000581,1
2021-02-03,000581,1
2023-02-20,000581,1
2023-02-21,000581,2
2014-04-01,000582,1
2014-09-24,000582,1
2014-09-25,000582,2
2014-11-06,000582,1
2014-12-08,000582,1
2014-12-26,000582,1
2015-02-27,000582,1
2015-06-01,000582,1
2015-07-09,000582,1
2015-07-10,000582,2
2015-07-13,000582,3
2015-07-29,000582,1
2015-09-16,000582,1
2015-10-16,000582,1
2015-10-30,000582,1
2016-09-08,000582,1
2016-09-09,000582,2
2016-11-10,000582,1
2017-02-08,000582,1
2017-10-24,000582,1
2018-04-09,000582,1
2018-04-16,000582,1
2021-02-18,000582,1
2022-04-07,000582,1
2022-04-08,000582,2
2022-04-11,000582,3
2022-04-12,000582,4
2022-05-25,000582,1
2015-02-02,000586,1
2015-02-06,000586,1
2015-02-09,000586,2
2015-02-25,000586,1
2015-05-15,000586,1
2015-07-29,000586,1
2015-08-04,000586,1
2016-01-15,000586,1
2016-01-18,000586,2
2018-02-22,000586,1
2018-02-27,000586,1
2018-05-17,000586,1
2018-06-11,000586,1
2018-09-17,000586,1
2018-09-18,000586,2
2018-09-19,000586,3
2018-10-22,000586,1
2018-10-23,000586,2
2018-12-24,000586,1
2018-12-25,000586,2
2018-12-26,000586,3
2018-12-27,000586,4
2019-01-09,000586,1
2019-01-10,000586,2
2019-02-21,000586,1
2019-05-10,000586,1
2019-05-13,000586,2
2019-05-30,000586,1
2019-05-31,000586,2
2019-06-03,000586,3
2019-06-05,000586,1
2019-06-12,000586,1
2019-07-15,000586,1
2019-07-16,000586,2
2020-02-12,000586,1
2021-09-14,000586,1
2021-10-08,000586,1
2021-10-11,000586,2
2021-10-12,000586,3
2021-10-13,000586,4
2022-03-23,000586,1
2022-08-09,000586,1
2022-11-24,000586,1
2023-03-27,000586,1
2023-06-13,000586,1
2015-04-23,000589,1
2015-07-14,000589,1
2016-04-26,000589,1
2019-05-08,000589,1
2019-05-09,000589,2
2019-05-10,000589,3
2019-05-13,000589,4
2019-06-13,000589,1
2020-07-14,000589,1
2020-10-15,000589,1
2022-06-21,000589,1
2022-09-20,000589,1
2014-11-27,000590,1
2015-04-09,000590,1
2015-04-10,000590,2
2015-04-13,000590,3
2018-03-07,000590,1
2018-04-02,000590,1
2018-05-08,000590,1
2018-07-02,000590,1
2018-08-24,000590,1
2018-08-27,000590,2
2018-11-08,000590,1
2019-03-11,000590,1
2019-03-21,000590,1
2019-03-22,000590,2
2019-03-25,000590,3
2019-03-26,000590,4
2019-03-27,000590,5
2019-03-28,000590,6
2019-03-29,000590,7
2019-04-01,000590,8
2019-04-26,000590,1
2019-08-02,000590,1
2019-10-11,000590,1
2019-11-11,000590,1
2020-03-23,000590,1
2020-08-26,000590,1
2020-08-27,000590,2
2021-07-12,000590,1
2022-01-20,000590,1
2022-04-06,000590,1
2022-07-21,000590,1
2022-08-03,000590,1
2022-10-26,000590,1
2022-11-02,000590,1
2022-11-03,000590,2
2022-11-04,000590,3
2014-08-13,000591,1
2014-09-30,000591,1
2015-04-17,000591,1
2015-04-20,000591,2
2015-04-21,000591,3
2015-04-22,000591,4
2015-04-23,000591,5
2015-04-24,000591,6
2015-05-19,000591,1
2015-05-27,000591,1
2015-07-09,000591,1
2015-07-10,000591,2
2015-07-13,000591,3
2015-07-14,000591,4
2015-07-20,000591,1
2015-08-04,000591,1
2015-08-28,000591,1
2015-09-16,000591,1
2015-12-14,000591,1
2016-01-22,000591,1
2016-03-28,000591,1
2017-02-24,000591,1
2018-07-04,000591,1
2019-02-01,000591,1
2019-10-30,000591,1
2020-02-12,000591,1
2020-07-08,000591,1
2020-07-30,000591,1
2020-07-31,000591,2
2020-08-04,000591,1
2020-10-09,000591,1
2020-11-03,000591,1
2020-12-23,000591,1
2020-12-24,000591,2
2020-12-25,000591,3
2020-12-28,000591,4
2020-12-31,000591,1
2021-01-04,000591,2
2021-02-23,000591,1
2021-03-12,000591,1
2021-07-30,000591,1
2021-09-22,000591,1
2021-09-28,000591,1
2021-12-01,000591,1
2021-12-03,000591,1
2021-12-23,000591,1
2022-06-10,000591,1
2022-08-19,000591,1
2014-03-24,000592,1
2014-07-03,000592,1
2014-07-22,000592,1
2014-07-24,000592,1
2014-10-21,000592,1
2014-10-29,000592,1
2014-11-03,000592,1
2014-12-08,000592,1
2015-03-10,000592,1
2015-05-21,000592,1
2015-05-22,000592,2
2015-05-25,000592,3
2015-06-03,000592,1
2015-06-11,000592,1
2015-07-22,000592,1
2015-07-29,000592,1
2015-08-14,000592,1
2015-08-28,000592,1
2015-09-09,000592,1
2015-09-16,000592,1
2015-10-12,000592,1
2015-10-15,000592,1
2015-10-26,000592,1
2015-11-04,000592,1
2015-11-06,000592,1
2016-02-16,000592,1
2016-07-28,000592,1
2016-08-03,000592,1
2017-06-16,000592,1
2018-11-13,000592,1
2018-11-26,000592,1
2019-01-02,000592,1
2019-01-03,000592,2
2019-01-04,000592,3
2019-02-15,000592,1
2019-02-27,000592,1
2019-04-17,000592,1
2019-04-18,000592,2
2020-06-12,000592,1
2020-07-08,000592,1
2020-07-09,000592,2
2020-07-10,000592,3
2020-07-13,000592,4
2020-08-07,000592,1
2021-03-04,000592,1
2021-03-11,000592,1
2021-03-17,000592,1
2021-05-21,000592,1
2021-05-24,000592,2
2022-05-19,000592,1
2022-08-02,000592,1
2022-08-08,000592,1
2023-06-28,000592,1
2014-05-22,000593,1
2015-04-20,000593,1
2015-04-21,000593,2
2015-04-22,000593,3
2015-05-05,000593,1
2015-05-13,000593,1
2015-05-14,000593,2
2015-07-14,000593,1
2015-09-10,000593,1
2015-10-23,000593,1
2015-11-06,000593,1
2016-04-22,000593,1
2016-08-09,000593,1
2016-09-21,000593,1
2018-07-10,000593,1
2018-07-11,000593,2
2018-07-12,000593,3
2018-07-13,000593,4
2018-08-31,000593,1
2018-09-03,000593,2
2018-09-26,000593,1
2018-09-27,000593,2
2018-10-16,000593,1
2018-11-05,000593,1
2019-03-19,000593,1
2019-06-06,000593,1
2020-05-12,000593,1
2020-12-09,000593,1
2020-12-24,000593,1
2020-12-25,000593,2
2021-05-12,000593,1
2021-08-12,000593,1
2021-08-18,000593,1
2021-08-24,000593,1
2021-12-22,000593,1
2022-03-03,000593,1
2022-07-27,000593,1
2022-08-19,000593,1
2022-08-22,000593,2
2022-08-23,000593,3
2022-08-24,000593,4
2022-08-25,000593,5
2022-08-26,000593,6
2022-09-05,000593,1
2022-09-06,000593,2
2022-09-21,000593,1
2022-09-28,000593,1
2022-09-29,000593,2
2014-06-05,000595,1
2015-02-10,000595,1
2015-04-03,000595,1
2015-05-26,000595,1
2015-06-01,000595,1
2015-06-02,000595,2
2015-06-05,000595,1
2015-07-15,000595,1
2015-07-17,000595,1
2015-12-23,000595,1
2015-12-24,000595,2
2015-12-25,000595,3
2016-01-06,000595,1
2016-04-08,000595,1
2016-05-16,000595,1
2016-07-14,000595,1
2016-08-22,000595,1
2016-08-24,000595,1
2016-08-25,000595,2
2016-11-10,000595,1
2016-11-11,000595,2
2016-11-14,000595,3
2016-11-15,000595,4
2016-11-22,000595,1
2016-11-24,000595,1
2016-12-13,000595,1
2016-12-16,000595,1
2016-12-27,000595,1
2016-12-28,000595,2
2017-01-04,000595,1
2017-01-10,000595,1
2017-01-17,000595,1
2017-02-27,000595,1
2017-03-08,000595,1
2018-05-18,000595,1
2018-07-02,000595,1
2018-07-06,000595,1
2018-09-05,000595,1
2019-01-07,000595,1
2019-01-08,000595,2
2019-01-09,000595,3
2019-01-10,000595,4
2019-01-11,000595,5
2019-04-01,000595,1
2019-04-02,000595,2
2019-08-22,000595,1
2019-08-27,000595,1
2019-08-28,000595,2
2019-08-29,000595,3
2019-08-30,000595,4
2019-09-02,000595,5
2019-09-03,000595,6
2019-11-06,000595,1
2019-11-12,000595,1
2019-11-21,000595,1
2019-12-24,000595,1
2020-02-11,000595,1
2020-03-03,000595,1
2021-07-15,000595,1
2021-12-08,000595,1
2021-12-09,000595,2
2021-12-14,000595,1
2021-12-15,000595,2
2022-02-22,000595,1
2022-02-23,000595,2
2022-02-24,000595,3
2022-03-03,000595,1
2022-04-07,000595,1
2022-05-09,000595,1
2022-05-18,000595,1
2022-05-24,000595,1
2022-05-25,000595,2
2022-05-26,000595,3
2022-05-27,000595,4
2022-05-30,000595,5
2022-05-31,000595,6
2022-06-01,000595,7
2022-06-02,000595,8
2022-07-13,000595,1
2022-07-20,000595,1
2022-07-21,000595,2
2022-07-27,000595,1
2022-07-28,000595,2
2022-08-10,000595,1
2022-08-11,000595,2
2022-08-12,000595,3
2022-08-15,000595,4
2022-08-16,000595,5
2022-08-17,000595,6
2022-09-01,000595,1
2022-09-06,000595,1
2022-09-20,000595,1
2022-10-11,000595,1
2022-10-24,000595,1
2022-10-25,000595,2
2023-03-21,000595,1
2023-06-29,000595,1
2014-11-10,000596,1
2014-12-01,000596,1
2015-07-09,000596,1
2015-07-10,000596,2
2015-07-13,000596,3
2015-12-21,000596,1
2016-03-02,000596,1
2017-09-18,000596,1
2018-05-28,000596,1
2018-07-13,000596,1
2019-03-18,000596,1
2019-12-30,000596,1
2020-07-13,000596,1
2021-01-25,000596,1
2021-05-24,000596,1
2021-09-27,000596,1
2021-11-04,000596,1
2021-11-16,000596,1
2022-08-01,000596,1
2023-01-05,000596,1
2014-08-11,000597,1
2015-04-13,000597,1
2015-06-01,000597,1
2015-07-09,000597,1
2015-07-10,000597,2
2015-07-13,000597,3
2015-08-14,000597,1
2015-12-31,000597,1
2016-01-05,000597,1
2016-01-19,000597,1
2016-02-15,000597,1
2016-11-21,000597,1
2017-01-25,000597,1
2017-03-14,000597,1
2019-08-27,000597,1
2019-12-31,000597,1
2020-01-20,000597,1
2020-01-21,000597,2
2020-02-03,000597,1
2020-03-23,000597,1
2020-08-12,000597,1
2021-12-31,000597,1
2022-01-04,000597,2
2022-01-19,000597,1
2022-02-14,000597,1
2022-12-13,000597,1
2022-12-14,000597,2
2022-12-19,000597,1
2022-12-20,000597,2
2014-09-04,000598,1
2014-12-10,000598,1
2014-12-11,000598,2
2015-04-16,000598,1
2015-07-09,000598,1
2015-07-10,000598,2
2015-07-13,000598,3
2015-09-16,000598,1
2015-10-16,000598,1
2021-10-26,000598,1
2015-03-17,000599,1
2015-03-18,000599,2
2015-03-23,000599,1
2015-03-24,000599,2
2015-03-25,000599,3
2015-06-25,000599,1
2015-07-15,000599,1
2015-08-28,000599,1
2015-09-16,000599,1
2015-10-19,000599,1
2016-03-21,000599,1
2016-11-10,000599,1
2017-06-02,000599,1
2019-03-29,000599,1
2019-04-01,000599,2
2019-04-02,000599,3
2019-04-03,000599,4
2019-05-10,000599,1
2019-09-06,000599,1
2019-09-10,000599,1
2019-10-09,000599,1
2019-10-10,000599,2
2020-04-20,000599,1
2020-05-06,000599,1
2020-07-17,000599,1
2020-07-20,000599,2
2021-12-07,000599,1
2021-12-08,000599,2
2022-05-27,000599,1
2022-05-30,000599,2
2022-06-02,000599,1
2022-06-06,000599,2
2022-06-07,000599,3
2022-06-08,000599,4
2022-08-01,000599,1
2022-08-02,000599,2
2022-08-03,000599,3
2022-12-01,000599,1
2023-02-01,000599,1
2023-02-13,000599,1
2023-02-17,000599,1
2014-03-24,000600,1
2014-04-15,000600,1
2014-04-16,000600,2
2014-08-04,000600,1
2015-05-11,000600,1
2015-07-09,000600,1
2015-07-10,000600,2
2017-04-05,000600,1
2017-04-06,000600,2
2017-04-07,000600,3
2017-04-10,000600,4
2017-04-11,000600,5
2017-04-26,000600,1
2017-05-17,000600,1
2017-08-08,000600,1
2017-08-09,000600,2
2018-01-03,000600,1
2018-03-08,000600,1
2018-11-19,000600,1
2019-04-30,000600,1
2020-02-27,000600,1
2021-03-31,000600,1
2022-04-28,000600,1
2022-07-01,000600,1
2022-07-04,000600,2
2022-07-07,000600,1
2022-07-08,000600,2
2022-07-11,000600,3
2022-09-21,000600,1
2022-10-13,000600,1
2022-10-14,000600,2
2022-11-23,000600,1
2022-11-24,000600,2
2023-04-14,000600,1
2023-05-12,000600,1
2023-05-22,000600,1
2023-05-29,000600,1
2023-06-26,000600,1
2014-10-29,000601,1
2014-11-12,000601,1
2015-03-09,000601,1
2015-07-13,000601,1
2015-07-14,000601,2
2015-07-28,000601,1
2015-08-10,000601,1
2015-08-13,000601,1
2015-08-14,000601,2
2015-12-11,000601,1
2016-02-03,000601,1
2020-03-04,000601,1
2020-03-05,000601,2
2020-07-15,000601,1
2020-08-05,000601,1
2021-09-28,000601,1
2022-03-28,000601,1
2022-05-12,000601,1
2022-06-17,000601,1
2022-07-11,000601,1
2022-07-12,000601,2
2022-07-13,000601,3
2022-07-22,000601,1
2014-02-17,000603,1
2014-05-12,000603,1
2014-06-20,000603,1
2014-07-25,000603,1
2014-07-28,000603,2
2014-07-29,000603,3
2015-04-22,000603,1
2015-04-23,000603,2
2015-05-20,000603,1
2015-06-03,000603,1
2015-06-30,000603,1
2015-07-09,000603,1
2015-07-10,000603,2
2015-07-13,000603,3
2015-08-04,000603,1
2015-09-16,000603,1
2015-09-17,000603,2
2015-12-28,000603,1
2015-12-29,000603,2
2016-02-04,000603,1
2016-03-18,000603,1
2016-07-01,000603,1
2016-07-04,000603,2
2016-07-05,000603,3
2017-07-19,000603,1
2018-01-23,000603,1
2018-11-29,000603,1
2019-02-20,000603,1
2019-08-07,000603,1
2019-08-29,000603,1
2019-12-04,000603,1
2020-03-20,000603,1
2020-05-08,000603,1
2020-07-20,000603,1
2020-07-21,000603,2
2020-07-22,000603,3
2020-07-27,000603,1
2020-08-05,000603,1
2021-02-01,000603,1
2014-01-28,000605,1
2014-04-03,000605,1
2015-04-22,000605,1
2015-04-23,000605,2
2015-04-24,000605,3
2015-06-01,000605,1
2015-06-02,000605,2
2015-06-09,000605,1
2015-07-14,000605,1
2015-07-17,000605,1
2015-09-16,000605,1
2015-12-23,000605,1
2016-02-19,000605,1
2016-07-13,000605,1
2016-09-07,000605,1
2016-09-09,000605,1
2017-01-23,000605,1
2017-01-24,000605,2
2017-04-05,000605,1
2017-04-06,000605,2
2017-04-07,000605,3
2017-04-10,000605,4
2017-04-11,000605,5
2017-04-12,000605,6
2017-04-26,000605,1
2017-04-27,000605,2
2017-05-16,000605,1
2017-06-07,000605,1
2018-01-03,000605,1
2018-02-22,000605,1
2018-03-08,000605,1
2018-03-28,000605,1
2018-03-29,000605,2
2018-03-30,000605,3
2018-11-09,000605,1
2018-11-19,000605,1
2018-12-07,000605,1
2019-01-10,000605,1
2019-01-15,000605,1
2020-09-08,000605,1
2020-09-09,000605,2
2021-03-31,000605,1
2021-04-01,000605,2
2022-03-10,000605,1
2022-03-31,000605,1
2022-04-08,000605,1
2022-04-15,000605,1
2022-06-20,000605,1
2022-07-18,000605,1
2022-08-17,000605,1
2022-08-19,000605,1
2022-08-25,000605,1
2022-11-25,000605,1
2014-05-19,000607,1
2014-05-20,000607,2
2014-05-21,000607,3
2014-05-22,000607,4
2014-05-23,000607,5
2014-05-26,000607,6
2014-05-27,000607,7
2014-06-12,000607,1
2015-04-29,000607,1
2015-04-30,000607,2
2015-05-04,000607,3
2015-07-15,000607,1
2015-07-16,000607,2
2015-07-17,000607,3
2015-07-20,000607,4
2015-08-03,000607,1
2015-09-16,000607,1
2016-03-18,000607,1
2017-06-06,000607,1
2018-04-02,000607,1
2018-11-13,000607,1
2018-11-22,000607,1
2018-12-03,000607,1
2018-12-05,000607,1
2019-03-07,000607,1
2019-03-12,000607,1
2019-04-03,000607,1
2019-04-04,000607,2
2019-04-12,000607,1
2019-06-26,000607,1
2019-06-27,000607,2
2019-09-25,000607,1
2019-10-28,000607,1
2020-04-23,000607,1
2020-06-12,000607,1
2021-03-25,000607,1
2021-11-05,000607,1
2021-12-20,000607,1
2021-12-21,000607,2
2021-12-24,000607,1
2021-12-30,000607,1
2021-12-31,000607,2
2022-01-06,000607,1
2022-01-12,000607,1
2022-01-13,000607,2
2022-02-14,000607,1
2022-02-15,000607,2
2022-02-16,000607,3
2022-03-07,000607,1
2022-04-01,000607,1
2022-04-29,000607,1
2022-05-23,000607,1
2022-09-02,000607,1
2022-12-28,000607,1
2023-01-03,000607,1
2014-05-14,000608,1
2016-07-18,000608,1
2017-09-15,000608,1
2018-01-22,000608,1
2018-01-23,000608,2
2018-01-24,000608,3
2018-08-21,000608,1
2018-10-26,000608,1
2018-11-07,000608,1
2019-04-02,000608,1
2019-08-21,000608,1
2020-02-25,000608,1
2020-04-23,000608,1
2020-11-12,000608,1
2021-01-15,000608,1
2021-01-21,000608,1
2021-01-26,000608,1
2021-04-01,000608,1
2021-04-02,000608,2
2021-12-21,000608,1
2022-01-25,000608,1
2022-01-26,000608,2
2022-02-08,000608,1
2022-03-23,000608,1
2022-03-24,000608,2
2022-03-31,000608,1
2022-04-01,000608,2
2022-11-29,000608,1
2022-12-02,000608,1
2022-12-05,000608,2
2014-08-18,000612,1
2014-08-19,000612,2
2014-08-20,000612,3
2014-08-21,000612,4
2014-08-22,000612,5
2014-09-12,000612,1
2014-12-18,000612,1
2015-06-24,000612,1
2015-07-15,000612,1
2015-10-28,000612,1
2016-06-27,000612,1
2016-07-05,000612,1
2016-08-10,000612,1
2016-11-02,000612,1
2017-07-19,000612,1
2019-01-18,000612,1
2019-01-21,000612,2
2019-05-16,000612,1
2019-05-21,000612,1
2019-05-29,000612,1
2019-05-30,000612,2
2019-06-17,000612,1
2019-07-18,000612,1
2020-05-22,000612,1
2020-05-25,000612,2
2020-05-26,000612,3
2020-06-03,000612,1
2020-06-11,000612,1
2020-07-06,000612,1
2020-07-07,000612,2
2020-07-08,000612,3
2020-07-09,000612,4
2020-07-20,000612,1
2020-11-03,000612,1
2021-01-15,000612,1
2021-01-18,000612,2
2021-01-20,000612,1
2021-03-11,000612,1
2021-03-12,000612,2
2021-03-15,000612,3
2021-03-16,000612,4
2021-07-16,000612,1
2021-07-29,000612,1
2021-09-02,000612,1
2021-12-23,000612,1
2022-05-20,000612,1
2022-09-07,000612,1
2014-07-30,000617,1
2014-07-31,000617,2
2014-09-15,000617,1
2015-01-27,000617,1
2015-07-09,000617,1
2015-07-10,000617,2
2015-07-13,000617,3
2015-07-22,000617,1
2015-08-10,000617,1
2015-08-14,000617,1
2015-08-28,000617,1
2015-08-31,000617,2
2015-09-16,000617,1
2017-01-24,000617,1
2017-02-28,000617,1
2017-03-01,000617,2
2017-03-28,000617,1
2017-07-24,000617,1
2018-04-09,000617,1
2019-02-25,000617,1
2021-03-29,000617,1
2021-03-30,000617,2
2022-02-28,000617,1
2022-08-12,000617,1
2022-11-30,000617,1
2022-12-05,000617,1
2023-03-13,000617,1
2023-03-28,000617,1
2023-05-08,000617,1
2023-05-10,000617,1
2014-12-30,000619,1
2015-05-27,000619,1
2015-06-15,000619,1
2015-07-09,000619,1
2015-07-10,000619,2
2015-07-13,000619,3
2015-07-14,000619,4
2015-07-28,000619,1
2015-07-29,000619,2
2015-08-04,000619,1
2015-08-17,000619,1
2015-08-28,000619,1
2015-09-16,000619,1
2016-03-02,000619,1
2017-01-12,000619,1
2017-01-18,000619,1
2017-04-10,000619,1
2020-03-02,000619,1
2020-10-12,000619,1
2020-11-30,000619,1
2022-01-10,000619,1
2022-01-11,000619,2
2022-03-18,000619,1
2022-03-21,000619,2
2022-05-13,000619,1
2022-06-02,000619,1
2022-06-06,000619,2
2022-06-07,000619,3
2022-07-12,000619,1
2022-07-13,000619,2
2022-07-18,000619,1
2022-07-19,000619,2
2022-07-20,000619,3
2022-07-21,000619,4
2022-08-15,000619,1
2022-09-06,000619,1
2022-09-28,000619,1
2022-11-01,000619,1
2023-03-07,000619,1
2014-01-09,000620,1
2014-01-21,000620,1
2014-02-10,000620,1
2014-04-04,000620,1
2014-04-14,000620,1
2014-05-12,000620,1
2014-12-31,000620,1
2015-04-07,000620,1
2015-05-25,000620,1
2015-06-01,000620,1
2015-06-02,000620,2
2015-06-04,000620,1
2015-06-10,000620,1
2015-07-14,000620,1
2015-08-14,000620,1
2015-08-27,000620,1
2015-10-22,000620,1
2015-11-04,000620,1
2016-02-16,000620,1
2016-02-17,000620,2
2017-04-05,000620,1
2020-05-14,000620,1
2020-05-15,000620,2
2020-05-18,000620,3
2020-07-01,000620,1
2020-07-10,000620,1
2020-07-21,000620,1
2020-07-27,000620,1
2021-01-14,000620,1
2021-01-19,000620,1
2021-04-02,000620,1
2021-04-06,000620,2
2021-04-12,000620,1
2021-04-16,000620,1
2021-05-21,000620,1
2021-05-26,000620,1
2021-11-11,000620,1
2021-12-21,000620,1
2021-12-23,000620,1
2022-01-06,000620,1
2022-01-07,000620,2
2022-01-10,000620,3
2022-01-11,000620,4
2022-01-12,000620,5
2022-01-13,000620,6
2022-01-20,000620,1
2022-01-21,000620,2
2022-01-24,000620,3
2022-01-25,000620,4
2022-02-08,000620,1
2022-02-09,000620,2
2022-02-10,000620,3
2022-02-18,000620,1
2022-03-16,000620,1
2022-03-17,000620,2
2022-03-18,000620,3
2022-04-06,000620,1
2022-04-07,000620,2
2022-04-08,000620,3
2022-04-13,000620,1
2022-05-09,000620,1
2022-06-07,000620,1
2022-06-30,000620,1
2022-08-08,000620,1
2022-09-08,000620,1
2022-09-14,000620,1
2022-09-15,000620,2
2022-09-16,000620,3
2022-09-19,000620,4
2022-09-20,000620,5
2022-11-11,000620,1
2022-11-14,000620,2
2022-11-24,000620,1
2022-11-29,000620,1
2022-12-27,000620,1
2022-12-28,000620,2
2022-12-29,000620,3
2023-01-04,000620,1
2023-04-27,000620,1
2014-12-04,000623,1
2014-12-16,000623,1
2015-07-09,000623,1
2015-07-10,000623,2
2015-07-13,000623,3
2015-11-04,000623,1
2016-11-22,000623,1
2016-11-24,000623,1
2019-02-25,000623,1
2020-02-05,000623,1
2020-07-06,000623,1
2022-03-31,000623,1
2014-04-14,000625,1
2015-01-05,000625,1
2015-04-23,000625,1
2015-04-24,000625,2
2015-07-09,000625,1
2015-07-10,000625,2
2015-09-30,000625,1
2016-03-31,000625,1
2016-07-12,000625,1
2019-03-22,000625,1
2019-04-17,000625,1
2019-12-11,000625,1
2020-02-17,000625,1
2020-06-03,000625,1
2020-10-13,000625,1
2020-10-20,000625,1
2020-11-16,000625,1
2020-11-18,000625,1
2020-11-25,000625,1
2020-12-01,000625,1
2021-02-02,000625,1
2021-04-16,000625,1
2021-04-19,000625,2
2021-05-10,000625,1
2021-05-12,000625,1
2021-05-14,000625,1
2021-06-18,000625,1
2021-06-23,000625,1
2021-08-19,000625,1
2022-04-29,000625,1
2022-05-05,000625,2
2022-05-13,000625,1
2022-06-14,000625,1
2022-06-23,000625,1
2022-06-28,000625,1
2022-11-30,000625,1
2014-10-14,000626,1
2014-10-15,000626,2
2015-01-16,000626,1
2015-01-19,000626,2
2015-01-22,000626,1
2015-01-29,000626,1
2015-01-30,000626,2
2015-02-02,000626,3
2015-02-17,000626,1
2015-02-25,000626,2
2015-02-27,000626,1
2015-03-02,000626,2
2015-03-03,000626,3
2015-03-04,000626,4
2015-03-05,000626,5
2015-03-16,000626,1
2015-04-21,000626,1
2015-04-22,000626,2
2015-04-23,000626,3
2015-05-14,000626,1
2015-05-15,000626,2
2015-05-18,000626,3
2015-05-19,000626,4
2015-05-20,000626,5
2015-05-21,000626,6
2015-05-22,000626,7
2015-06-03,000626,1
2015-06-11,000626,1
2015-06-24,000626,1
2015-07-09,000626,1
2015-07-10,000626,2
2015-07-13,000626,3
2015-08-04,000626,1
2015-08-11,000626,1
2016-02-16,000626,1
2016-02-19,000626,1
2016-02-22,000626,2
2016-02-23,000626,3
2016-02-24,000626,4
2016-03-02,000626,1
2016-03-03,000626,2
2016-03-08,000626,1
2016-03-23,000626,1
2016-05-04,000626,1
2016-05-31,000626,1
2016-06-22,000626,1
2016-08-17,000626,1
2016-10-24,000626,1
2017-06-14,000626,1
2017-08-16,000626,1
2018-03-08,000626,1
2018-06-22,000626,1
2018-08-06,000626,1
2018-08-07,000626,2
2018-11-09,000626,1
2018-11-12,000626,2
2019-02-15,000626,1
2019-03-25,000626,1
2019-04-11,000626,1
2019-04-16,000626,1
2019-05-09,000626,1
2020-01-14,000626,1
2020-01-15,000626,2
2020-07-06,000626,1
2020-07-07,000626,2
2020-08-14,000626,1
2020-12-08,000626,1
2021-02-08,000626,1
2021-07-23,000626,1
2022-05-31,000626,1
2022-11-01,000626,1
2022-11-14,000626,1
2014-03-04,000628,1
2014-11-10,000628,1
2015-05-11,000628,1
2015-08-24,000628,1
2015-08-25,000628,2
2015-08-26,000628,3
2015-08-27,000628,4
2015-08-28,000628,5
2015-09-09,000628,1
2015-09-18,000628,1
2015-11-06,000628,1
2016-01-19,000628,1
2016-04-21,000628,1
2016-06-24,000628,1
2017-07-18,000628,1
2017-07-19,000628,2
2018-02-12,000628,1
2018-11-14,000628,1
2018-11-19,000628,1
2020-11-27,000628,1
2020-11-30,000628,2
2021-11-19,000628,1
2021-11-22,000628,2
2021-12-09,000628,1
2022-06-01,000628,1
2022-06-02,000628,2
2022-06-06,000628,3
2022-06-10,000628,1
2023-01-17,000628,1
2014-08-06,000629,1
2015-03-18,000629,1
2015-04-23,000629,1
2015-06-08,000629,1
2015-06-09,000629,2
2015-07-09,000629,1
2015-07-10,000629,2
2015-07-13,000629,3
2015-08-17,000629,1
2015-08-19,000629,1
2015-12-17,000629,1
2015-12-18,000629,2
2015-12-21,000629,3
2015-12-22,000629,4
2016-01-06,000629,1
2016-02-26,000629,1
2016-02-29,000629,2
2018-09-18,000629,1
2018-09-27,000629,1
2018-10-30,000629,1
2020-02-14,000629,1
2020-11-13,000629,1
2021-02-22,000629,1
2021-08-06,000629,1
2021-08-23,000629,1
2021-08-24,000629,2
2021-08-31,000629,1
2021-09-06,000629,1
2021-09-28,000629,1
2021-12-31,000629,1
2022-01-04,000629,2
2022-07-01,000629,1
2022-07-04,000629,2
2022-07-05,000629,3
2022-07-06,000629,4
2022-07-07,000629,5
2022-07-12,000629,1
2022-07-20,000629,1
2022-08-16,000629,1
2022-09-22,000629,1
2022-11-04,000629,1
2014-12-03,000630,1
2014-12-04,000630,2
2015-01-05,000630,1
2015-10-23,000630,1
2015-10-26,000630,2
2015-10-27,000630,3
2015-11-10,000630,1
2016-03-02,000630,1
2016-04-13,000630,1
2016-11-11,000630,1
2019-02-25,000630,1
2019-03-07,000630,1
2020-11-16,000630,1
2021-02-18,000630,1
2021-02-22,000630,1
2021-05-10,000630,1
2021-09-13,000630,1
2021-10-18,000630,1
2022-02-09,000630,1
2014-03-11,000631,1
2014-03-12,000631,2
2014-03-13,000631,3
2014-03-18,000631,1
2014-07-23,000631,1
2014-07-24,000631,2
2014-12-01,000631,1
2015-01-05,000631,1
2015-03-25,000631,1
2015-04-22,000631,1
2015-07-06,000631,1
2015-07-08,000631,1
2015-07-09,000631,2
2015-07-10,000631,3
2015-07-13,000631,4
2015-07-15,000631,1
2015-08-03,000631,1
2015-08-07,000631,1
2015-08-13,000631,1
2015-09-16,000631,1
2015-11-30,000631,1
2016-03-02,000631,1
2016-04-05,000631,1
2016-08-19,000631,1
2017-02-16,000631,1
2017-12-28,000631,1
2018-01-09,000631,1
2018-11-19,000631,1
2021-02-24,000631,1
2021-06-18,000631,1
2021-09-15,000631,1
2021-09-24,000631,1
2021-09-27,000631,2
2022-05-09,000631,1
2022-07-13,000631,1
2022-07-14,000631,2
2022-07-15,000631,3
2022-07-18,000631,4
2022-07-20,000631,1
2022-07-22,000631,1
2022-10-21,000631,1
2014-02-07,000633,1
2014-04-25,000633,1
2014-05-06,000633,1
2015-04-24,000633,1
2015-04-27,000633,2
2015-04-28,000633,3
2015-04-29,000633,4
2015-04-30,000633,5
2015-05-04,000633,6
2015-05-08,000633,1
2015-05-11,000633,2
2015-05-12,000633,3
2015-05-25,000633,1
2015-05-27,000633,1
2015-07-09,000633,1
2015-07-10,000633,2
2015-07-13,000633,3
2015-07-14,000633,4
2015-11-20,000633,1
2015-11-23,000633,2
2015-11-24,000633,3
2015-11-25,000633,4
2016-02-17,000633,1
2017-05-18,000633,1
2017-10-11,000633,1
2017-10-23,000633,1
2017-10-30,000633,1
2018-07-06,000633,1
2018-07-27,000633,1
2018-08-03,000633,1
2018-08-22,000633,1
2018-10-22,000633,1
2018-10-30,000633,1
2018-10-31,000633,2
2018-11-01,000633,3
2018-11-02,000633,4
2018-12-17,000633,1
2018-12-28,000633,1
2019-01-07,000633,1
2019-01-31,000633,1
2019-03-04,000633,1
2019-03-07,000633,1
2019-03-20,000633,1
2019-04-01,000633,1
2019-06-12,000633,1
2019-10-23,000633,1
2019-10-28,000633,1
2020-04-03,000633,1
2020-04-07,000633,2
2020-04-10,000633,1
2020-04-14,000633,1
2020-09-07,000633,1
2020-09-08,000633,2
2020-09-09,000633,3
2020-11-12,000633,1
2020-12-04,000633,1
2020-12-07,000633,2
2020-12-30,000633,1
2021-01-06,000633,1
2021-01-07,000633,2
2021-01-18,000633,1
2021-03-01,000633,1
2021-03-03,000633,1
2021-07-02,000633,1
2021-07-29,000633,1
2021-10-08,000633,1
2021-11-01,000633,1
2022-06-08,000633,1
2022-06-09,000633,2
2022-06-14,000633,1
2022-06-16,000633,1
2022-06-22,000633,1
2022-07-06,000633,1
2022-10-21,000633,1
2022-10-24,000633,2
2022-11-08,000633,1
2023-06-12,000633,1
2015-04-13,000635,1
2015-07-09,000635,1
2015-07-10,000635,2
2015-07-13,000635,3
2015-07-17,000635,1
2015-09-16,000635,1
2015-10-23,000635,1
2016-09-29,000635,1
2016-09-30,000635,2
2016-10-17,000635,1
2016-12-06,000635,1
2016-12-08,000635,1
2016-12-15,000635,1
2016-12-26,000635,1
2016-12-29,000635,1
2017-06-05,000635,1
2017-07-13,000635,1
2017-08-02,000635,1
2017-08-29,000635,1
2018-07-27,000635,1
2018-08-09,000635,1
2018-08-10,000635,2
2018-08-15,000635,1
2020-02-05,000635,1
2020-02-06,000635,2
2020-02-07,000635,3
2020-07-07,000635,1
2020-07-15,000635,1
2021-05-28,000635,1
2021-08-27,000635,1
2021-09-07,000635,1
2021-09-08,000635,2
2021-11-19,000635,1
2022-03-24,000635,1
2022-05-18,000635,1
2022-05-19,000635,2
2022-05-27,000635,1
2022-05-30,000635,2
2022-05-31,000635,3
2022-07-29,000635,1
2022-08-04,000635,1
2022-11-23,000635,1
2023-02-14,000635,1
2023-02-15,000635,2
2023-06-27,000635,1
2014-11-28,000636,1
2015-04-24,000636,1
2015-04-27,000636,2
2015-04-28,000636,3
2015-06-11,000636,1
2015-06-12,000636,2
2015-07-14,000636,1
2015-08-17,000636,1
2016-03-04,000636,1
2017-11-20,000636,1
2018-03-26,000636,1
2018-06-29,000636,1
2018-07-09,000636,1
2018-07-13,000636,1
2019-02-13,000636,1
2019-03-05,000636,1
2019-08-23,000636,1
2019-08-29,000636,1
2019-09-27,000636,1
2020-01-03,000636,1
2020-02-07,000636,1
2020-02-12,000636,1
2020-02-24,000636,1
2020-02-25,000636,2
2020-05-14,000636,1
2020-06-01,000636,1
2021-07-12,000636,1
2022-11-15,000636,1
2014-02-20,000637,1
2014-02-26,000637,1
2014-09-25,000637,1
2015-04-24,000637,1
2015-06-01,000637,1
2015-06-24,000637,1
2015-07-09,000637,1
2015-07-10,000637,2
2015-08-28,000637,1
2015-09-16,000637,1
2015-12-16,000637,1
2016-03-23,000637,1
2016-09-05,000637,1
2017-02-09,000637,1
2019-01-25,000637,1
2019-01-28,000637,2
2019-03-19,000637,1
2019-04-08,000637,1
2019-04-24,000637,1
2020-03-06,000637,1
2020-07-31,000637,1
2021-10-08,000637,1
2022-03-02,000637,1
2022-03-03,000637,2
2022-06-06,000637,1
2022-06-17,000637,1
2022-09-05,000637,1
2022-12-14,000637,1
2022-12-15,000637,2
2022-12-26,000637,1
2023-01-06,000637,1
2023-01-09,000637,2
2014-09-29,000650,1
2015-10-23,000650,1
2018-07-12,000650,1
2019-04-18,000650,1
2019-04-30,000650,1
2019-05-07,000650,1
2019-05-15,000650,1
2019-05-21,000650,1
2020-01-21,000650,1
2020-02-03,000650,1
2020-07-09,000650,1
2021-04-30,000650,1
2021-05-11,000650,1
2021-05-18,000650,1
2021-05-25,000650,1
2021-05-26,000650,2
2021-06-28,000650,1
2022-01-06,000650,1
2022-11-14,000650,1
2022-12-07,000650,1
2015-01-05,000651,1
2015-04-28,000651,1
2015-07-09,000651,1
2015-07-10,000651,2
2015-07-13,000651,3
2015-12-02,000651,1
2015-12-21,000651,1
2016-09-02,000651,1
2016-09-05,000651,2
2016-11-23,000651,1
2018-01-22,000651,1
2019-04-09,000651,1
2019-04-10,000651,2
2014-12-15,000652,1
2015-04-08,000652,1
2015-06-02,000652,1
2015-07-09,000652,1
2015-07-10,000652,2
2015-07-13,000652,3
2015-09-28,000652,1
2015-10-13,000652,1
2015-12-18,000652,1
2016-08-17,000652,1
2016-08-18,000652,2
2016-08-19,000652,3
2016-09-05,000652,1
2017-04-13,000652,1
2017-04-19,000652,1
2018-11-19,000652,1
2018-11-20,000652,2
2018-12-05,000652,1
2019-03-25,000652,1
2019-05-23,000652,1
2019-10-16,000652,1
2020-01-20,000652,1
2020-01-21,000652,2
2020-01-23,000652,1
2020-02-03,000652,2
2020-02-04,000652,3
2020-02-05,000652,4
2020-02-06,000652,5
2020-02-07,000652,6
2020-02-10,000652,7
2020-02-24,000652,1
2020-02-25,000652,2
2020-02-26,000652,3
2020-02-28,000652,1
2020-03-02,000652,2
2020-03-06,000652,1
2020-03-09,000652,2
2020-03-16,000652,1
2020-05-13,000652,1
2020-06-15,000652,1
2020-12-22,000652,1
2021-05-26,000652,1
2021-05-27,000652,2
2022-01-17,000652,1
2022-06-23,000652,1
2022-07-14,000652,1
2022-12-12,000652,1
2015-02-27,000655,1
2015-05-21,000655,1
2015-11-03,000655,1
2016-02-22,000655,1
2016-02-23,000655,2
2016-03-18,000655,1
2016-06-17,000655,1
2016-09-01,000655,1
2016-10-25,000655,1
2016-11-22,000655,1
2017-07-19,000655,1
2017-07-31,000655,1
2019-05-10,000655,1
2019-05-16,000655,1
2019-05-27,000655,1
2019-06-11,000655,1
2019-07-02,000655,1
2019-09-02,000655,1
2020-01-20,000655,1
2020-04-08,000655,1
2020-06-08,000655,1
2020-08-03,000655,1
2020-12-02,000655,1
2020-12-21,000655,1
2021-03-11,000655,1
2021-05-06,000655,1
2021-05-07,000655,2
2021-05-10,000655,3
2021-05-11,000655,4
2021-05-12,000655,5
2021-07-15,000655,1
2021-09-15,000655,1
2021-09-22,000655,1
2022-05-23,000655,1
2022-06-02,000655,1
2022-06-07,000655,1
2022-07-18,000655,1
2014-01-22,000656,1
2014-03-06,000656,1
2014-11-10,000656,1
2015-01-14,000656,1
2015-03-18,000656,1
2015-03-30,000656,1
2015-04-07,000656,1
2015-04-22,000656,1
2015-05-21,000656,1
2015-07-09,000656,1
2015-07-10,000656,2
2015-07-13,000656,3
2015-08-21,000656,1
2015-08-28,000656,1
2016-03-02,000656,1
2016-09-22,000656,1
2016-09-23,000656,2
2016-11-30,000656,1
2017-01-23,000656,1
2017-07-06,000656,1
2017-09-19,000656,1
2019-03-27,000656,1
2020-07-01,000656,1
2020-07-02,000656,2
2022-02-11,000656,1
2022-04-14,000656,1
2022-04-22,000656,1
2022-04-29,000656,1
2022-11-09,000656,1
2022-11-29,000656,1
2023-05-26,000656,1
2023-06-06,000656,1
2023-06-21,000656,1
2014-07-28,000657,1
2014-10-30,000657,1
2014-12-10,000657,1
2015-06-05,000657,1
2015-06-09,000657,1
2015-07-14,000657,1
2015-07-15,000657,2
2016-03-02,000657,1
2016-03-03,000657,2
2016-03-29,000657,1
2016-04-01,000657,1
2016-07-28,000657,1
2017-02-28,000657,1
2017-05-03,000657,1
2018-04-16,000657,1
2018-08-15,000657,1
2019-06-10,000657,1
2021-02-09,000657,1
2021-03-11,000657,1
2021-04-07,000657,1
2021-06-30,000657,1
2021-07-14,000657,1
2021-07-20,000657,1
2021-08-23,000657,1
2021-10-12,000657,1
2021-11-18,000657,1
2021-11-22,000657,1
2022-04-27,000657,1
2022-05-13,000657,1
2022-05-17,000657,1
2014-02-25,000659,1
2016-05-04,000659,1
2017-04-11,000659,1
2018-05-10,000659,1
2018-08-10,000659,1
2018-08-14,000659,1
2018-08-15,000659,2
2018-10-10,000659,1
2018-11-05,000659,1
2019-10-15,000659,1
2019-10-18,000659,1
2020-02-07,000659,1
2020-06-02,000659,1
2020-06-03,000659,2
2020-06-04,000659,3
2020-07-09,000659,1
2020-07-22,000659,1
2020-12-30,000659,1
2021-01-18,000659,1
2022-02-24,000659,1
2022-05-16,000659,1
2022-07-04,000659,1
2022-10-14,000659,1
2023-03-24,000659,1
2023-05-31,000659,1
2014-01-15,000661,1
2015-03-17,000661,1
2015-06-01,000661,1
2015-07-09,000661,1
2015-07-10,000661,2
2015-07-13,000661,3
2015-09-16,000661,1
2015-09-18,000661,1
2015-12-03,000661,1
2015-12-07,000661,1
2018-06-29,000661,1
2018-10-19,000661,1
2019-02-22,000661,1
2019-03-07,000661,1
2019-03-08,000661,2
2020-07-07,000661,1
2020-10-27,000661,1
2022-03-10,000661,1
2022-06-17,000661,1
2022-08-05,000661,1
2022-10-14,000661,1
2014-02-12,000663,1
2015-04-14,000663,1
2015-04-15,000663,2
2015-04-16,000663,3
2015-04-22,000663,1
2015-07-09,000663,1
2015-07-10,000663,2
2015-07-13,000663,3
2015-07-14,000663,4
2015-07-24,000663,1
2015-07-27,000663,2
2015-07-29,000663,1
2015-08-04,000663,1
2015-08-10,000663,1
2015-08-14,000663,1
2015-08-17,000663,2
2015-08-28,000663,1
2015-09-16,000663,1
2015-09-23,000663,1
2015-11-12,000663,1
2016-01-27,000663,1
2016-04-01,000663,1
2016-06-28,000663,1
2016-11-23,000663,1
2016-12-14,000663,1
2016-12-15,000663,2
2017-02-23,000663,1
2018-06-25,000663,1
2018-08-14,000663,1
2018-08-15,000663,2
2019-03-07,000663,1
2019-04-09,000663,1
2020-03-11,000663,1
2020-03-13,000663,1
2020-03-16,000663,2
2020-03-17,000663,3
2020-04-10,000663,1
2020-04-13,000663,2
2021-09-27,000663,1
2021-10-11,000663,1
2021-12-01,000663,1
2022-05-09,000663,1
2022-05-19,000663,1
2022-05-31,000663,1
2022-07-15,000663,1
2022-07-18,000663,2
2022-10-10,000663,1
2023-06-09,000663,1
2023-06-30,000663,1
2014-01-23,000665,1
2015-02-05,000665,1
2015-02-12,000665,1
2015-05-15,000665,1
2015-05-21,000665,1
2015-11-23,000665,1
2016-04-29,000665,1
2018-03-09,000665,1
2018-03-12,000665,2
2018-11-28,000665,1
2019-03-04,000665,1
2019-03-19,000665,1
2019-03-21,000665,1
2019-08-16,000665,1
2020-02-07,000665,1
2020-02-11,000665,1
2020-02-14,000665,1
2020-02-17,000665,2
2020-05-21,000665,1
2021-06-11,000665,1
2021-11-16,000665,1
2021-12-13,000665,1
2021-12-14,000665,2
2021-12-15,000665,3
2021-12-16,000665,4
2021-12-17,000665,5
2021-12-20,000665,6
2021-12-21,000665,7
2021-12-24,000665,1
2022-01-04,000665,1
2022-01-05,000665,2
2022-01-07,000665,1
2022-01-10,000665,2
2022-01-11,000665,3
2022-01-12,000665,4
2022-01-17,000665,1
2022-01-19,000665,1
2022-01-20,000665,2
2022-02-09,000665,1
2022-02-10,000665,2
2022-03-22,000665,1
2022-03-25,000665,1
2022-03-28,000665,2
2022-04-01,000665,1
2022-04-19,000665,1
2022-04-29,000665,1
2022-05-16,000665,1
2022-11-02,000665,1
2022-11-07,000665,1
2022-11-08,000665,2
2022-12-23,000665,1
2023-01-03,000665,1
2023-06-13,000665,1
2015-01-23,000668,1
2015-04-03,000668,1
2015-04-24,000668,1
2015-04-29,000668,1
2015-05-20,000668,1
2015-05-21,000668,2
2015-05-22,000668,3
2015-12-02,000668,1
2015-12-03,000668,2
2016-03-21,000668,1
2018-02-13,000668,1
2018-10-22,000668,1
2018-10-26,000668,1
2018-11-19,000668,1
2019-10-30,000668,1
2020-06-08,000668,1
2020-06-09,000668,2
2020-06-10,000668,3
2020-06-11,000668,4
2020-06-12,000668,5
2021-01-08,000668,1
2021-01-11,000668,2
2021-06-21,000668,1
2021-12-17,000668,1
2022-03-25,000668,1
2022-09-30,000668,1
2022-10-14,000668,1
2022-10-21,000668,1
2014-07-16,000670,1
2014-07-30,000670,1
2014-08-13,000670,1
2015-06-08,000670,1
2015-07-20,000670,1
2015-07-21,000670,2
2015-07-22,000670,3
2015-07-23,000670,4
2015-07-24,000670,5
2015-11-11,000670,1
2015-11-12,000670,2
2015-11-13,000670,3
2015-11-23,000670,1
2016-04-05,000670,1
2016-04-06,000670,2
2017-03-30,000670,1
2017-06-06,000670,1
2017-06-27,000670,1
2017-07-31,000670,1
2017-09-05,000670,1
2017-09-06,000670,2
2017-09-12,000670,1
2017-11-30,000670,1
2017-12-06,000670,1
2018-02-07,000670,1
2018-02-08,000670,2
2018-02-26,000670,1
2018-03-26,000670,1
2018-03-30,000670,1
2018-04-18,000670,1
2018-06-29,000670,1
2018-10-17,000670,1
2018-10-31,000670,1
2019-01-09,000670,1
2019-01-10,000670,2
2019-01-15,000670,1
2019-01-24,000670,1
2019-03-05,000670,1
2019-03-08,000670,1
2019-03-11,000670,2
2019-03-12,000670,3
2019-03-13,000670,4
2019-03-21,000670,1
2022-08-22,000670,1
2022-09-01,000670,1
2022-09-02,000670,2
2022-10-12,000670,1
2022-10-20,000670,1
2022-10-24,000670,1
2022-10-28,000670,1
2023-01-13,000670,1
2023-01-16,000670,2
2023-01-31,000670,1
2014-01-21,000672,1
2015-06-02,000672,1
2015-12-08,000672,1
2016-03-02,000672,1
2016-03-15,000672,1
2016-03-21,000672,1
2016-05-23,000672,1
2016-07-13,000672,1
2016-07-18,000672,1
2016-12-01,000672,1
2016-12-02,000672,2
2016-12-05,000672,3
2016-12-12,000672,1
2016-12-13,000672,2
2016-12-28,000672,1
2017-02-07,000672,1
2017-02-10,000672,1
2017-03-24,000672,1
2017-06-05,000672,1
2017-07-18,000672,1
2017-11-29,000672,1
2018-01-02,000672,1
2018-02-02,000672,1
2019-04-08,000672,1
2019-10-08,000672,1
2019-11-19,000672,1
2020-03-02,000672,1
2021-02-19,000672,1
2021-03-11,000672,1
2021-08-02,000672,1
2021-09-13,000672,1
2021-12-02,000672,1
2022-02-07,000672,1
2014-08-19,000676,1
2014-09-30,000676,1
2015-10-09,000676,1
2015-10-12,000676,2
2015-10-13,000676,3
2015-10-14,000676,4
2015-10-15,000676,5
2015-10-16,000676,6
2015-10-19,000676,7
2015-10-20,000676,8
2015-10-21,000676,9
2015-10-22,000676,10
2015-10-23,000676,11
2015-10-26,000676,12
2015-10-27,000676,13
2015-10-29,000676,1
2015-10-30,000676,2
2015-11-06,000676,1
2015-11-12,000676,1
2015-11-18,000676,1
2015-11-19,000676,2
2015-11-20,000676,3
2016-01-19,000676,1
2016-01-27,000676,1
2016-03-04,000676,1
2016-03-18,000676,1
2016-03-31,000676,1
2016-05-17,000676,1
2016-06-30,000676,1
2016-09-20,000676,1
2018-04-04,000676,1
2018-04-16,000676,1
2018-05-21,000676,1
2018-07-16,000676,1
2019-10-10,000676,1
2019-10-11,000676,2
2019-10-14,000676,3
2019-10-22,000676,1
2019-10-28,000676,1
2019-10-29,000676,2
2019-10-30,000676,3
2019-11-18,000676,1
2019-12-05,000676,1
2020-01-15,000676,1
2020-04-07,000676,1
2020-05-14,000676,1
2020-05-15,000676,2
2020-05-20,000676,1
2020-11-06,000676,1
2020-12-29,000676,1
2020-12-30,000676,2
2020-12-31,000676,3
2021-01-04,000676,4
2021-02-09,000676,1
2021-02-18,000676,1
2021-02-24,000676,1
2021-04-26,000676,1
2021-05-07,000676,1
2021-05-18,000676,1
2021-08-11,000676,1
2021-08-12,000676,2
2021-08-13,000676,3
2021-08-31,000676,1
2021-09-09,000676,1
2021-09-10,000676,2
2021-12-03,000676,1
2022-01-17,000676,1
2022-02-08,000676,1
2022-07-08,000676,1
2022-08-03,000676,1
2022-08-22,000676,1
2023-03-24,000676,1
2023-04-28,000676,1
2023-05-26,000676,1
2014-08-18,000678,1
2015-02-27,000678,1
2015-03-11,000678,1
2015-06-08,000678,1
2015-07-09,000678,1
2015-07-10,000678,2
2015-07-13,000678,3
2015-08-17,000678,1
2015-08-19,000678,1
2015-09-16,000678,1
2015-12-31,000678,1
2016-01-06,000678,1
2016-03-18,000678,1
2016-04-11,000678,1
2016-08-04,000678,1
2016-09-13,000678,1
2016-09-14,000678,2
2016-10-11,000678,1
2016-11-02,000678,1
2016-12-16,000678,1
2017-01-04,000678,1
2017-10-11,000678,1
2018-01-15,000678,1
2018-06-28,000678,1
2018-06-29,000678,2
2018-07-02,000678,3
2018-07-27,000678,1
2020-03-25,000678,1
2020-03-30,000678,1
2021-12-08,000678,1
2022-05-30,000678,1
2022-06-14,000678,1
2022-06-17,000678,1
2022-06-20,000678,2
2022-06-23,000678,1
2022-07-22,000678,1
2022-07-25,000678,2
2022-07-26,000678,3
2022-07-27,000678,4
2022-07-28,000678,5
2022-07-29,000678,6
2022-08-01,000678,7
2022-08-18,000678,1
2022-09-19,000678,1
2022-09-20,000678,2
2022-11-21,000678,1
2023-01-30,000678,1
2023-05-18,000678,1
2023-06-28,000678,1
2023-06-29,000678,2
2023-06-30,000678,3
2014-09-02,000679,1
2014-12-11,000679,1
2015-05-21,000679,1
2015-05-25,000679,1
2015-05-27,000679,1
2015-12-04,000679,1
2015-12-07,000679,2
2015-12-08,000679,3
2015-12-10,000679,1
2016-02-02,000679,1
2016-02-16,000679,1
2016-06-02,000679,1
2016-06-03,000679,2
2016-06-29,000679,1
2016-11-22,000679,1
2018-07-26,000679,1
2018-10-22,000679,1
2018-10-30,000679,1
2018-11-08,000679,1
2019-10-23,000679,1
2020-01-09,000679,1
2020-01-10,000679,2
2020-03-19,000679,1
2021-05-11,000679,1
2021-05-12,000679,2
2021-05-18,000679,1
2021-12-10,000679,1
2022-02-25,000679,1
2022-04-12,000679,1
2022-04-13,000679,2
2022-04-14,000679,3
2022-04-29,000679,1
2022-06-23,000679,1
2022-08-08,000679,1
2022-09-14,000679,1
2022-10-21,000679,1
2022-12-13,000679,1
2022-12-14,000679,2
2022-12-15,000679,3
2022-12-29,000679,1
2014-09-17,000680,1
2014-11-04,000680,1
2014-12-19,000680,1
2014-12-25,000680,1
2014-12-26,000680,2
2014-12-29,000680,3
2015-02-26,000680,1
2015-03-17,000680,1
2015-03-30,000680,1
2015-05-19,000680,1
2015-06-03,000680,1
2015-07-09,000680,1
2015-07-10,000680,2
2015-07-13,000680,3
2015-08-05,000680,1
2015-09-16,000680,1
2015-10-09,000680,1
2015-11-11,000680,1
2015-12-21,000680,1
2016-09-07,000680,1
2016-11-14,000680,1
2017-03-22,000680,1
2017-08-09,000680,1
2018-07-25,000680,1
2019-04-18,000680,1
2019-04-19,000680,2
2019-06-24,000680,1
2020-03-04,000680,1
2020-04-13,000680,1
2020-04-17,000680,1
2021-01-13,000680,1
2022-05-05,000680,1
2022-05-12,000680,1
2022-05-13,000680,2
2022-05-26,000680,1
2022-07-01,000680,1
2023-06-05,000680,1
2014-01-10,000681,1
2014-01-13,000681,2
2014-01-20,000681,1
2014-01-23,000681,1
2014-02-19,000681,1
2014-02-26,000681,1
2014-02-27,000681,2
2014-08-28,000681,1
2015-05-08,000681,1
2015-05-11,000681,2
2015-05-12,000681,3
2015-05-14,000681,1
2015-05-26,000681,1
2015-06-02,000681,1
2015-07-14,000681,1
2015-07-17,000681,1
2015-08-10,000681,1
2015-09-16,000681,1
2015-09-21,000681,1
2015-11-11,000681,1
2015-11-16,000681,1
2016-01-14,000681,1
2016-02-19,000681,1
2016-02-22,000681,2
2016-02-23,000681,3
2017-08-30,000681,1
2017-12-01,000681,1
2018-01-10,000681,1
2018-03-01,000681,1
2018-09-04,000681,1
2019-04-17,000681,1
2020-03-20,000681,1
2020-06-16,000681,1
2020-11-10,000681,1
2021-01-13,000681,1
2021-03-16,000681,1
2021-09-01,000681,1
2021-09-06,000681,1
2021-09-07,000681,2
2021-09-08,000681,3
2021-10-13,000681,1
2021-10-29,000681,1
2021-11-11,000681,1
2021-11-23,000681,1
2021-12-13,000681,1
2021-12-16,000681,1
2021-12-21,000681,1
2021-12-30,000681,1
2022-01-04,000681,1
2022-04-01,000681,1
2022-05-25,000681,1
2022-05-26,000681,2
2022-11-02,000681,1
2022-11-15,000681,1
2022-11-16,000681,2
2023-01-30,000681,1
2023-01-31,000681,2
2023-02-07,000681,1
2023-04-11,000681,1
2023-04-12,000681,2
2023-04-20,000681,1
2023-05-10,000681,1
2023-06-14,000681,1
2014-02-19,000682,1
2014-07-22,000682,1
2014-09-30,000682,1
2014-10-08,000682,2
2015-03-23,000682,1
2015-04-21,000682,1
2015-07-09,000682,1
2015-07-10,000682,2
2015-07-13,000682,3
2015-10-13,000682,1
2015-12-29,000682,1
2016-06-17,000682,1
2017-08-07,000682,1
2018-04-25,000682,1
2019-01-03,000682,1
2019-01-09,000682,1
2019-03-11,000682,1
2019-03-12,000682,2
2019-03-13,000682,3
2019-03-20,000682,1
2019-03-21,000682,2
2019-09-09,000682,1
2019-09-10,000682,2
2020-03-19,000682,1
2021-09-03,000682,1
2021-09-07,000682,1
2021-09-30,000682,1
2021-10-14,000682,1
2021-11-30,000682,1
2021-12-15,000682,1
2023-02-14,000682,1
2014-03-27,000683,1
2014-07-02,000683,1
2015-05-04,000683,1
2015-08-28,000683,1
2016-04-05,000683,1
2019-03-20,000683,1
2020-06-02,000683,1
2020-08-05,000683,1
2020-08-10,000683,1
2020-08-28,000683,1
2020-08-31,000683,2
2021-02-19,000683,1
2021-02-22,000683,2
2021-02-23,000683,3
2021-03-03,000683,1
2021-04-29,000683,1
2021-05-12,000683,1
2021-05-28,000683,1
2021-06-07,000683,1
2021-06-09,000683,1
2021-07-16,000683,1
2021-07-20,000683,1
2021-08-27,000683,1
2021-09-02,000683,1
2022-04-14,000683,1
2022-06-27,000683,1
2014-11-21,000685,1
2015-06-01,000685,1
2015-06-30,000685,1
2015-07-16,000685,1
2015-07-17,000685,2
2015-11-04,000685,1
2018-10-22,000685,1
2019-02-25,000685,1
2014-03-21,000686,1
2014-11-12,000686,1
2014-12-04,000686,1
2014-12-05,000686,2
2014-12-16,000686,1
2014-12-26,000686,1
2015-06-30,000686,1
2015-07-09,000686,1
2015-07-10,000686,2
2015-09-16,000686,1
2015-11-04,000686,1
2015-11-06,000686,1
2015-11-11,000686,1
2016-03-21,000686,1
2018-10-22,000686,1
2019-02-22,000686,1
2019-02-25,000686,2
2019-03-29,000686,1
2020-07-06,000686,1
2020-07-08,000686,1
2022-08-25,000686,1
2023-04-17,000686,1
2014-07-03,000688,1
2014-07-30,000688,1
2014-07-31,000688,2
2014-12-03,000688,1
2015-05-27,000688,1
2015-06-09,000688,1
2016-04-13,000688,1
2016-05-20,000688,1
2016-07-04,000688,1
2016-07-07,000688,1
2016-08-26,000688,1
2016-10-25,000688,1
2016-11-11,000688,1
2016-11-22,000688,1
2017-08-17,000688,1
2021-03-08,000688,1
2021-03-15,000688,1
2021-05-10,000688,1
2021-08-24,000688,1
2021-09-07,000688,1
2021-09-13,000688,1
2021-11-10,000688,1
2021-11-11,000688,2
2022-02-07,000688,1
2022-02-16,000688,1
2022-03-18,000688,1
2022-05-23,000688,1
2022-07-20,000688,1
2015-06-03,000690,1
2015-06-10,000690,1
2015-06-11,000690,2
2015-06-17,000690,1
2015-07-09,000690,1
2015-07-10,000690,2
2015-07-13,000690,3
2015-10-09,000690,1
2015-10-22,000690,1
2015-11-25,000690,1
2016-02-16,000690,1
2020-07-03,000690,1
2020-07-15,000690,1
2022-06-08,000690,1
2022-11-16,000690,1
2014-04-09,000691,1
2015-05-11,000691,1
2015-09-16,000691,1
2015-12-16,000691,1
2015-12-25,000691,1
2016-01-19,000691,1
2016-03-02,000691,1
2018-02-12,000691,1
2018-04-27,000691,1
2018-10-22,000691,1
2018-10-26,000691,1
2018-11-08,000691,1
2018-11-09,000691,2
2018-11-12,000691,3
2018-11-13,000691,4
2018-12-21,000691,1
2019-03-15,000691,1
2019-03-22,000691,1
2019-06-21,000691,1
2019-07-26,000691,1
2019-11-04,000691,1
2020-05-08,000691,1
2020-06-19,000691,1
2020-07-22,000691,1
2020-07-23,000691,2
2020-07-28,000691,1
2020-07-29,000691,2
2020-12-01,000691,1
2021-01-20,000691,1
2021-01-21,000691,2
2021-01-25,000691,1
2021-01-26,000691,2
2021-01-27,000691,3
2021-02-04,000691,1
2021-02-23,000691,1
2021-03-01,000691,1
2021-03-19,000691,1
2021-04-16,000691,1
2022-03-18,000691,1
2022-03-31,000691,1
2022-08-03,000691,1
2022-08-08,000691,1
2023-01-04,000691,1
2023-06-26,000691,1
2014-08-26,000692,1
2014-08-27,000692,2
2015-05-15,000692,1
2015-05-18,000692,2
2015-05-19,000692,3
2015-05-20,000692,4
2015-05-21,000692,5
2015-05-22,000692,6
2015-05-25,000692,7
2015-05-26,000692,8
2015-05-27,000692,9
2015-05-28,000692,10
2015-05-29,000692,11
2015-07-09,000692,1
2015-07-10,000692,2
2015-07-13,000692,3
2015-07-14,000692,4
2018-04-02,000692,1
2018-10-22,000692,1
2018-10-31,000692,1
2019-08-28,000692,1
2020-08-13,000692,1
2020-08-19,000692,1
2020-08-24,000692,1
2020-10-15,000692,1
2021-02-02,000692,1
2021-03-12,000692,1
2021-04-01,000692,1
2021-04-07,000692,1
2021-06-08,000692,1
2021-09-22,000692,1
2021-10-12,000692,1
2021-11-08,000692,1
2022-01-26,000692,1
2022-03-15,000692,1
2022-07-14,000692,1
2022-07-15,000692,2
2022-08-04,000692,1
2022-08-18,000692,1
2022-08-19,000692,2
2023-02-23,000692,1
2014-07-15,000695,1
2014-07-17,000695,1
2014-07-18,000695,2
2014-08-07,000695,1
2014-08-13,000695,1
2015-01-29,000695,1
2015-03-04,000695,1
2015-05-04,000695,1
2015-05-19,000695,1
2015-06-30,000695,1
2015-07-09,000695,1
2015-07-10,000695,2
2015-07-13,000695,3
2015-07-29,000695,1
2015-08-14,000695,1
2015-08-28,000695,1
2015-09-09,000695,1
2015-09-16,000695,1
2015-11-11,000695,1
2015-12-08,000695,1
2015-12-17,000695,1
2015-12-22,000695,1
2016-04-14,000695,1
2017-01-04,000695,1
2017-05-16,000695,1
2018-03-22,000695,1
2018-05-04,000695,1
2020-02-06,000695,1
2020-11-10,000695,1
2020-11-11,000695,2
2021-03-24,000695,1
2021-07-27,000695,1
2021-07-28,000695,2
2021-08-13,000695,1
2021-09-28,000695,1
2021-09-30,000695,1
2021-10-08,000695,2
2021-10-11,000695,3
2021-10-28,000695,1
2021-11-15,000695,1
2021-12-17,000695,1
2022-01-17,000695,1
2022-08-22,000695,1
2014-06-16,000697,1
2014-07-02,000697,1
2015-04-03,000697,1
2015-04-29,000697,1
2015-09-24,000697,1
2015-11-03,000697,1
2015-11-06,000697,1
2016-03-21,000697,1
2017-09-04,000697,1
2018-10-22,000697,1
2019-05-16,000697,1
2020-02-17,000697,1
2020-02-18,000697,2
2020-05-13,000697,1
2020-05-14,000697,2
2020-05-18,000697,1
2020-08-06,000697,1
2020-08-07,000697,2
2020-12-15,000697,1
2020-12-31,000697,1
2021-01-12,000697,1
2021-05-11,000697,1
2021-06-09,000697,1
2021-08-11,000697,1
2021-08-12,000697,2
2022-03-22,000697,1
2022-06-28,000697,1
2022-07-04,000697,1
2022-08-03,000697,1
2022-09-29,000697,1
2022-10-13,000697,1
2022-11-11,000697,1
2023-03-21,000697,1
2014-03-07,000700,1
2014-03-17,000700,1
2015-02-05,000700,1
2015-04-07,000700,1
2015-04-14,000700,1
2015-11-25,000700,1
2016-02-22,000700,1
2016-03-02,000700,1
2019-02-12,000700,1
2019-09-23,000700,1
2019-09-24,000700,2
2019-10-08,000700,1
2020-01-07,000700,1
2020-01-08,000700,2
2020-01-09,000700,3
2020-01-13,000700,1
2020-01-15,000700,1
2020-01-16,000700,2
2020-01-17,000700,3
2020-01-20,000700,4
2020-01-21,000700,5
2020-01-22,000700,6
2020-01-23,000700,7
2020-02-04,000700,1
2020-02-05,000700,2
2020-02-06,000700,3
2020-02-10,000700,1
2020-02-19,000700,1
2020-03-03,000700,1
2020-03-17,000700,1
2020-05-12,000700,1
2020-06-11,000700,1
2020-11-26,000700,1
2021-01-04,000700,1
2021-01-05,000700,2
2021-01-07,000700,1
2021-04-19,000700,1
2021-05-13,000700,1
2021-11-04,000700,1
2021-11-05,000700,2
2022-05-05,000700,1
2022-06-15,000700,1
2022-06-22,000700,1
2022-08-08,000700,1
2022-08-23,000700,1
2023-01-13,000700,1
2014-12-11,000701,1
2015-02-03,000701,1
2015-03-19,000701,1
2015-05-15,000701,1
2015-06-09,000701,1
2015-06-24,000701,1
2015-07-14,000701,1
2015-07-23,000701,1
2015-08-04,000701,1
2015-10-15,000701,1
2015-10-19,000701,1
2015-10-20,000701,2
2015-10-22,000701,1
2015-11-04,000701,1
2015-11-25,000701,1
2015-12-09,000701,1
2015-12-16,000701,1
2015-12-17,000701,2
2016-02-16,000701,1
2016-03-18,000701,1
2018-03-30,000701,1
2018-07-17,000701,1
2019-09-25,000701,1
2020-03-05,000701,1
2020-03-06,000701,2
2020-03-09,000701,3
2020-05-25,000701,1
2020-05-26,000701,2
2020-06-02,000701,1
2020-08-10,000701,1
2020-09-01,000701,1
2021-05-12,000701,1
2022-01-21,000701,1
2022-02-08,000701,1
2022-02-09,000701,2
2022-02-11,000701,1
2022-04-13,000701,1
2022-04-22,000701,1
2022-05-06,000701,1
2022-05-09,000701,2
2022-05-10,000701,3
2022-05-11,000701,4
2022-11-22,000701,1
2023-01-13,000701,1
2023-01-16,000701,2
2023-01-31,000701,1
2023-02-01,000701,2
2023-02-09,000701,1
2023-04-17,000701,1
2014-12-10,000702,1
2014-12-12,000702,1
2015-03-23,000702,1
2015-05-20,000702,1
2015-07-09,000702,1
2015-07-10,000702,2
2015-07-13,000702,3
2015-07-14,000702,4
2015-07-17,000702,1
2015-08-28,000702,1
2016-02-04,000702,1
2016-05-16,000702,1
2017-06-01,000702,1
2017-06-02,000702,2
2017-07-28,000702,1
2018-01-26,000702,1
2019-04-22,000702,1
2019-04-23,000702,2
2019-04-24,000702,3
2019-08-28,000702,1
2019-09-03,000702,1
2020-03-05,000702,1
2020-04-03,000702,1
2020-04-07,000702,2
2022-06-09,000702,1
2022-06-21,000702,1
2022-07-04,000702,1
2022-07-29,000702,1
2022-08-22,000702,1
2022-08-25,000702,1
2014-02-20,000703,1
2014-06-03,000703,1
2014-06-04,000703,2
2015-06-01,000703,1
2015-07-09,000703,1
2015-07-10,000703,2
2015-07-13,000703,3
2015-11-11,000703,1
2015-11-20,000703,1
2016-04-13,000703,1
2016-11-11,000703,1
2018-01-02,000703,1
2014-01-24,000705,1
2014-11-12,000705,1
2015-02-12,000705,1
2015-04-13,000705,1
2015-05-11,000705,1
2015-05-21,000705,1
2015-05-26,000705,1
2015-07-09,000705,1
2015-07-10,000705,2
2015-07-13,000705,3
2015-07-14,000705,4
2015-08-04,000705,1
2015-08-17,000705,1
2015-09-16,000705,1
2015-09-29,000705,1
2015-10-27,000705,1
2015-12-07,000705,1
2015-12-30,000705,1
2016-02-15,000705,1
2016-06-22,000705,1
2018-08-13,000705,1
2020-02-03,000705,1
2020-08-31,000705,1
2021-04-22,000705,1
2021-12-31,000705,1
2022-03-07,000705,1
2022-03-21,000705,1
2022-03-22,000705,2
2022-03-25,000705,1
2022-05-12,000705,1
2022-10-17,000705,1
2022-12-07,000705,1
2016-03-17,000707,1
2016-03-23,000707,1
2016-11-07,000707,1
2018-03-05,000707,1
2022-03-29,000707,1
2022-03-30,000707,2
2022-04-13,000707,1
2022-05-05,000707,1
2022-05-16,000707,1
2022-05-25,000707,1
2022-10-11,000707,1
2022-12-09,000707,1
2023-04-28,000707,1
2014-09-09,000708,1
2014-09-10,000708,2
2014-12-11,000708,1
2015-03-18,000708,1
2016-12-07,000708,1
2017-09-06,000708,1
2019-03-18,000708,1
2019-04-08,000708,1
2021-02-03,000708,1
2021-02-10,000708,1
2021-08-06,000708,1
2021-09-07,000708,1
2014-03-24,000709,1
2014-12-11,000709,1
2015-04-03,000709,1
2015-05-04,000709,1
2015-12-17,000709,1
2016-01-06,000709,1
2016-01-08,000709,1
2017-04-05,000709,1
2017-04-06,000709,2
2017-04-07,000709,3
2017-04-10,000709,4
2017-04-11,000709,5
2017-04-28,000709,1
2022-07-05,000709,1
2022-07-11,000709,1
2022-07-12,000709,2
2014-01-22,000710,1
2014-06-24,000710,1
2014-08-29,000710,1
2015-03-12,000710,1
2015-04-03,000710,1
2015-04-22,000710,1
2015-06-02,000710,1
2015-06-03,000710,2
2015-06-05,000710,1
2015-06-10,000710,1
2015-07-14,000710,1
2015-07-17,000710,1
2015-07-29,000710,1
2015-08-14,000710,1
2015-08-26,000710,1
2015-08-27,000710,2
2015-08-28,000710,3
2015-09-09,000710,1
2015-09-16,000710,1
2015-12-08,000710,1
2015-12-17,000710,1
2016-01-06,000710,1
2016-01-19,000710,1
2016-02-02,000710,1
2016-02-26,000710,1
2016-12-19,000710,1
2016-12-20,000710,2
2016-12-21,000710,3
2016-12-22,000710,4
2016-12-23,000710,5
2016-12-26,000710,6
2016-12-27,000710,7
2016-12-28,000710,8
2017-01-04,000710,1
2017-01-05,000710,2
2017-01-25,000710,1
2017-09-12,000710,1
2017-09-14,000710,1
2017-11-08,000710,1
2017-11-16,000710,1
2019-02-01,000710,1
2020-04-09,000710,1
2020-05-21,000710,1
2020-07-22,000710,1
2020-07-23,000710,2
2020-07-29,000710,1
2020-07-30,000710,2
2021-01-22,000710,1
2021-02-03,000710,1
2021-02-08,000710,1
2021-02-10,000710,1
2021-04-29,000710,1
2021-11-03,000710,1
2021-12-02,000710,1
2022-03-04,000710,1
2022-03-11,000710,1
2022-04-13,000710,1
2022-04-14,000710,2
2022-05-09,000710,1
2023-03-27,000710,1
2023-04-13,000710,1
2023-04-14,000710,2
2014-11-06,000712,1
2014-11-21,000712,1
2014-11-24,000712,2
2014-12-04,000712,1
2014-12-16,000712,1
2015-04-07,000712,1
2015-04-08,000712,2
2015-06-23,000712,1
2015-10-16,000712,1
2015-10-19,000712,2
2015-11-04,000712,1
2016-02-22,000712,1
2016-02-23,000712,2
2016-03-18,000712,1
2016-03-21,000712,2
2016-05-31,000712,1
2016-11-24,000712,1
2018-09-13,000712,1
2018-10-16,000712,1
2018-10-22,000712,1
2019-02-22,000712,1
2019-02-25,000712,2
2019-04-04,000712,1
2019-10-14,000712,1
2020-07-31,000712,1
2021-01-12,000712,1
2021-01-28,000712,1
2021-02-08,000712,1
2021-06-01,000712,1
2021-06-25,000712,1
2022-03-22,000712,1
2023-02-13,000712,1
2014-11-28,000713,1
2014-12-01,000713,2
2014-12-22,000713,1
2015-07-09,000713,1
2015-07-10,000713,2
2015-07-13,000713,3
2015-07-14,000713,4
2015-08-19,000713,1
2015-08-20,000713,2
2015-09-16,000713,1
2016-08-16,000713,1
2018-02-07,000713,1
2018-03-23,000713,1
2018-06-19,000713,1
2018-07-06,000713,1
2019-01-23,000713,1
2019-01-24,000713,2
2019-03-11,000713,1
2019-05-06,000713,1
2019-05-07,000713,2
2019-05-08,000713,3
2019-05-09,000713,4
2019-05-13,000713,1
2019-05-14,000713,2
2019-05-15,000713,3
2019-05-16,000713,4
2019-05-17,000713,5
2019-05-22,000713,1
2019-05-29,000713,1
2019-05-30,000713,2
2019-08-20,000713,1
2019-11-20,000713,1
2020-01-03,000713,1
2020-01-06,000713,2
2020-02-06,000713,1
2020-02-10,000713,1
2020-04-09,000713,1
2020-04-22,000713,1
2020-07-13,000713,1
2020-08-05,000713,1
2020-12-21,000713,1
2020-12-22,000713,2
2020-12-23,000713,3
2020-12-28,000713,1
2021-01-12,000713,1
2021-01-25,000713,1
2021-02-22,000713,1
2022-04-20,000713,1
2022-05-16,000713,1
2014-04-02,000715,1
2015-06-30,000715,1
2015-07-01,000715,2
2015-07-02,000715,3
2015-07-10,000715,1
2015-07-13,000715,2
2015-07-23,000715,1
2015-08-19,000715,1
2015-09-16,000715,1
2015-10-16,000715,1
2015-12-22,000715,1
2016-03-31,000715,1
2016-11-16,000715,1
2016-11-22,000715,1
2019-01-29,000715,1
2019-03-08,000715,1
2019-03-11,000715,2
2019-03-14,000715,1
2019-05-15,000715,1
2020-06-30,000715,1
2020-07-02,000715,1
2021-01-05,000715,1
2022-04-18,000715,1
2022-04-19,000715,2
2022-04-20,000715,3
2022-04-21,000715,4
2022-04-22,000715,5
2022-04-26,000715,1
2022-05-18,000715,1
2022-07-18,000715,1
2022-07-19,000715,2
2022-09-20,000715,1
2022-12-26,000715,1
2022-12-27,000715,2
2022-12-28,000715,3
2022-12-29,000715,4
2022-12-30,000715,5
2014-01-10,000716,1
2014-10-20,000716,1
2015-04-24,000716,1
2015-11-27,000716,1
2015-11-30,000716,2
2015-12-01,000716,3
2015-12-21,000716,1
2016-01-13,000716,1
2016-01-18,000716,1
2016-02-19,000716,1
2016-03-18,000716,1
2016-10-11,000716,1
2017-10-13,000716,1
2019-03-11,000716,1
2019-03-18,000716,1
2019-06-21,000716,1
2019-08-30,000716,1
2019-12-27,000716,1
2019-12-30,000716,2
2019-12-31,000716,3
2020-01-02,000716,4
2020-02-27,000716,1
2020-03-04,000716,1
2020-03-05,000716,2
2020-03-24,000716,1
2020-04-22,000716,1
2020-05-19,000716,1
2021-01-05,000716,1
2021-05-14,000716,1
2022-05-31,000716,1
2022-06-01,000716,2
2022-06-02,000716,3
2022-06-06,000716,4
2022-08-24,000716,1
2022-08-25,000716,2
2022-08-26,000716,3
2022-08-29,000716,4
2022-08-31,000716,1
2022-09-01,000716,2
2022-09-07,000716,1
2022-10-11,000716,1
2022-10-12,000716,2
2022-11-14,000716,1
2022-11-23,000716,1
2022-12-12,000716,1
2022-12-13,000716,2
2022-12-14,000716,3
2022-12-16,000716,1
2022-12-19,000716,2
2022-12-27,000716,1
2022-12-30,000716,1
2023-01-03,000716,2
2023-01-06,000716,1
2023-01-10,000716,1
2023-01-11,000716,2
2023-01-30,000716,1
2023-02-13,000716,1
2023-02-22,000716,1
2023-06-02,000716,1
2014-11-03,000717,1
2014-11-04,000717,2
2014-11-10,000717,1
2014-12-11,000717,1
2015-01-29,000717,1
2015-02-09,000717,1
2015-02-13,000717,1
2015-02-17,000717,1
2015-02-27,000717,1
2015-03-16,000717,1
2015-04-10,000717,1
2015-04-13,000717,2
2015-05-18,000717,1
2015-05-22,000717,1
2015-05-29,000717,1
2015-06-01,000717,2
2015-06-02,000717,3
2015-07-09,000717,1
2015-07-10,000717,2
2015-07-13,000717,3
2015-07-21,000717,1
2015-08-10,000717,1
2015-08-27,000717,1
2015-09-09,000717,1
2015-12-02,000717,1
2015-12-09,000717,1
2016-01-22,000717,1
2017-08-25,000717,1
2017-08-30,000717,1
2017-09-01,000717,1
2017-11-28,000717,1
2018-04-10,000717,1
2019-04-08,000717,1
2019-11-25,000717,1
2020-01-07,000717,1
2020-07-06,000717,1
2020-11-11,000717,1
2021-05-06,000717,1
2021-09-09,000717,1
2021-12-23,000717,1
2021-12-27,000717,1
2014-01-24,000718,1
2014-02-25,000718,1
2014-06-27,000718,1
2014-12-11,000718,1
2015-04-16,000718,1
2015-04-22,000718,1
2015-05-13,000718,1
2015-05-21,000718,1
2015-05-22,000718,2
2015-05-26,000718,1
2015-06-10,000718,1
2015-07-13,000718,1
2015-07-14,000718,2
2015-08-04,000718,1
2015-08-28,000718,1
2015-09-21,000718,1
2015-10-12,000718,1
2015-11-26,000718,1
2015-11-30,000718,1
2018-01-05,000718,1
2018-01-08,000718,2
2020-07-21,000718,1
2021-01-05,000718,1
2021-01-06,000718,2
2021-01-07,000718,3
2021-01-11,000718,1
2021-02-05,000718,1
2021-02-24,000718,1
2021-03-01,000718,1
2021-04-28,000718,1
2021-04-29,000718,2
2021-04-30,000718,3
2021-05-12,000718,1
2021-05-13,000718,2
2021-05-19,000718,1
2021-05-25,000718,1
2021-06-29,000718,1
2021-08-16,000718,1
2021-10-12,000718,1
2022-03-17,000718,1
2022-05-16,000718,1
2014-01-21,000719,1
2014-02-07,000719,1
2014-05-29,000719,1
2014-06-23,000719,1
2014-12-10,000719,1
2015-06-01,000719,1
2015-06-02,000719,2
2015-06-03,000719,3
2015-06-04,000719,4
2015-06-05,000719,5
2015-06-08,000719,6
2015-07-09,000719,1
2015-07-10,000719,2
2015-07-13,000719,3
2015-07-29,000719,1
2015-08-04,000719,1
2015-09-02,000719,1
2015-09-16,000719,1
2015-10-09,000719,1
2016-12-08,000719,1
2022-01-04,000719,1
2022-01-06,000719,1
2022-05-23,000719,1
2022-11-02,000719,1
2023-01-06,000719,1
2023-03-28,000719,1
2023-04-20,000719,1
2023-04-24,000719,1
2023-05-04,000719,1
2014-02-19,000720,1
2014-07-10,000720,1
2014-07-15,000720,1
2014-07-30,000720,1
2014-09-09,000720,1
2014-09-10,000720,2
2014-09-11,000720,3
2014-09-12,000720,4
2014-09-15,000720,5
2014-09-16,000720,6
2015-01-07,000720,1
2015-02-26,000720,1
2015-02-27,000720,2
2015-03-02,000720,3
2015-03-16,000720,1
2015-03-17,000720,2
2015-04-08,000720,1
2015-06-02,000720,1
2015-06-03,000720,2
2015-06-09,000720,1
2015-06-10,000720,2
2015-06-11,000720,3
2015-10-12,000720,1
2015-10-19,000720,1
2015-11-20,000720,1
2015-11-23,000720,2
2015-11-30,000720,1
2016-02-05,000720,1
2016-10-12,000720,1
2016-10-27,000720,1
2017-06-09,000720,1
2017-11-28,000720,1
2017-12-18,000720,1
2018-01-29,000720,1
2019-04-30,000720,1
2020-02-19,000720,1
2020-10-09,000720,1
2021-01-14,000720,1
2021-01-15,000720,2
2021-04-13,000720,1
2021-06-21,000720,1
2021-07-14,000720,1
2022-04-28,000720,1
2022-04-29,000720,2
2022-12-06,000720,1
2014-02-11,000721,1
2014-02-12,000721,2
2014-06-26,000721,1
2014-06-27,000721,2
2014-06-30,000721,3
2014-07-01,000721,4
2014-09-02,000721,1
2014-12-26,000721,1
2015-04-07,000721,1
2015-04-08,000721,2
2015-04-09,000721,3
2015-04-10,000721,4
2015-04-13,000721,5
2015-05-13,000721,1
2015-05-20,000721,1
2015-05-22,000721,1
2015-06-03,000721,1
2015-07-24,000721,1
2015-07-28,000721,1
2015-08-04,000721,1
2015-09-16,000721,1
2015-09-17,000721,2
2015-10-19,000721,1
2016-03-18,000721,1
2016-07-25,000721,1
2016-07-27,000721,1
2016-09-19,000721,1
2016-10-12,000721,1
2016-10-14,000721,1
2017-03-29,000721,1
2017-06-30,000721,1
2018-07-20,000721,1
2018-07-23,000721,2
2018-07-24,000721,3
2018-07-25,000721,4
2018-07-26,000721,5
2018-09-20,000721,1
2019-03-20,000721,1
2019-03-21,000721,2
2019-03-27,000721,1
2019-04-01,000721,1
2020-02-27,000721,1
2020-03-16,000721,1
2020-03-18,000721,1
2020-03-19,000721,2
2020-03-20,000721,3
2020-06-03,000721,1
2020-06-04,000721,2
2020-06-05,000721,3
2020-06-09,000721,1
2020-08-07,000721,1
2021-12-21,000721,1
2022-01-12,000721,1
2022-01-13,000721,2
2022-01-28,000721,1
2022-04-01,000721,1
2022-04-14,000721,1
2022-06-28,000721,1
2022-09-27,000721,1
2022-10-19,000721,1
2022-10-20,000721,2
2022-10-25,000721,1
2022-11-03,000721,1
2022-11-04,000721,2
2022-11-07,000721,3
2022-11-08,000721,4
2022-11-09,000721,5
2022-11-10,000721,6
2022-11-14,000721,1
2022-12-12,000721,1
2022-12-13,000721,2
2022-12-14,000721,3
2022-12-15,000721,4
2022-12-16,000721,5
2022-12-21,000721,1
2022-12-26,000721,1
2022-12-27,000721,2
2022-12-28,000721,3
2023-01-17,000721,1
2023-06-07,000721,1
